org,role,view,activity,context,theft,accident,max speed,bad places,auto pilot,delay,max km,respect road signs,weather,proba,decision
partner,normal,luxe,a1,peak,improbable,improbable,yes,no,always,no,yes,yes,rainy,0.73,denied
DZ VBM,l YDB,VSI,GA51,VWHX,probable,improbable,no,no,always,yes,yes,yes,cloudy,0.39,permitted
HV YSX,h QOW,BFN,HH70,USJP,improbable,probable,no,yes,always,yes,yes,no,windy,0.81,permitted
CV GEZ,w MPS,ASD,UC20,NNOF,improbable,probable,no,no,sometimes,no,no,yes,windy,0.66,permitted
FP BGU,v KKD,WOF,QT79,SNDO,probable,probable,no,yes,sometimes,yes,no,no,windy,0.78,permitted
AC VNJ,b ZKM,LAD,SC35,COZJ,probable,probable,yes,no,never,yes,no,yes,cloudy,0.53,denied
RT WEC,z ZRP,IIG,JD75,HEVT,improbable,improbable,yes,yes,sometimes,yes,yes,no,rainy,0.59,permitted
DJ NDQ,u FHB,TSV,AT52,QVYJ,probable,probable,no,no,sometimes,no,no,yes,stormy,0.26,permitted
GC YYA,t TQS,WDO,WF21,YYTE,probable,probable,yes,yes,never,yes,no,yes,cloudy,0.43,permitted
KC SGW,q EDG,INZ,NW51,FLHU,probable,probable,yes,yes,always,yes,yes,no,windy,0.54,denied
GS WIK,u SSO,IVU,CL46,AATR,probable,improbable,no,yes,sometimes,yes,no,yes,cloudy,0.39,permitted
CN VCK,c AYW,FGA,IA81,YIQT,improbable,improbable,yes,no,never,no,yes,yes,rainy,0.62,permitted
RK ZET,z NFE,PIN,HA49,KVIK,probable,probable,yes,no,never,no,yes,yes,cloudy,0.75,denied
UV YNG,h KGK,LHW,MH89,XVSH,probable,improbable,no,no,sometimes,yes,no,yes,cloudy,0.87,denied
MB IVH,k XFP,CRQ,OK89,LGDK,probable,probable,no,no,sometimes,yes,yes,yes,rainy,0.8,permitted
AJ LSZ,q HCF,PWR,HT35,IHZX,probable,improbable,no,yes,never,yes,yes,yes,cloudy,0.66,denied
ZC YDW,n GSZ,ZVR,OA31,UBTW,improbable,probable,no,yes,always,yes,no,yes,windy,0.27,permitted
NO VDC,x NIC,ZGX,WI15,JHLW,improbable,improbable,yes,no,never,yes,no,no,rainy,0.92,permitted
partner,vip,luxe,a2,peak,improbable,improbable,yes,no,always,no,no,yes,windy,0.21,permitted
VZ HVN,f VDQ,ICQ,NG99,GQTQ,probable,probable,yes,yes,sometimes,yes,no,no,sunny,0.14,permitted
caraccess,vip,luxe,a2,off,improbable,improbable,yes,no,sometimes,yes,yes,no,rainy,0.82,permitted
DV PJD,s DKV,WON,PZ24,XZQS,probable,probable,no,yes,sometimes,yes,yes,no,cloudy,0.18,permitted
partner,blacklisted,normal,a1,off,improbable,probable,no,yes,never,yes,no,yes,rainy,0.39,denied
partner,vip,normal,a3,peak,probable,probable,yes,yes,always,yes,yes,no,stormy,0.43,permitted
UY XBJ,p EDR,MAO,EB24,YEZG,probable,improbable,yes,no,always,yes,no,yes,windy,0.39,denied
caraccess,normal,normal,a1,peak,probable,probable,no,yes,never,no,no,yes,cloudy,0.84,permitted
KZ VSF,n SMU,XAD,JM36,FDGS,improbable,probable,no,yes,sometimes,no,yes,yes,windy,0.98,permitted
HV ZWM,k SLK,ZQJ,JA39,PYBG,improbable,improbable,yes,no,always,no,no,no,sunny,1.0,permitted
ZC WYA,v UNK,BQH,IJ50,HAJH,improbable,probable,no,yes,sometimes,no,yes,yes,stormy,0.38,permitted
IM UKZ,u PVQ,FRH,RR23,KRHH,probable,probable,yes,no,sometimes,no,no,no,cloudy,0.53,permitted
ZJ OWD,z ZBY,THU,LK26,PUUV,improbable,probable,yes,no,sometimes,no,yes,no,windy,0.02,permitted
VS YDM,y TNQ,XWW,KS67,GIXA,improbable,improbable,no,yes,sometimes,yes,yes,no,sunny,0.71,permitted
caraccess,normal,normal,a2,off,probable,probable,no,yes,sometimes,no,yes,no,windy,0.24,permitted
DX TGW,s NTR,PVL,IV01,RBIG,probable,improbable,no,no,never,no,yes,yes,windy,0.08,permitted
HU SXT,e ZXF,BGV,AD79,GOHU,improbable,probable,yes,no,sometimes,yes,yes,yes,rainy,0.43,denied
caraccess,normal,luxe,a3,peak,improbable,improbable,yes,no,sometimes,yes,yes,yes,sunny,0.91,denied
WH LNR,m HIT,FXJ,RT59,ELZO,improbable,improbable,yes,yes,sometimes,no,no,no,cloudy,0.01,permitted
MZ LUJ,l QOR,FOS,AZ24,WZMM,improbable,improbable,yes,yes,never,no,no,no,stormy,0.78,permitted
MO ZLZ,k OUX,UWW,GO40,KKCN,improbable,improbable,yes,yes,sometimes,no,no,no,sunny,0.42,permitted
others,vip,luxe,a3,off,improbable,improbable,yes,no,always,no,no,no,rainy,0.1,denied
RM RSU,l JVT,MLQ,ET52,QOLG,probable,improbable,yes,yes,sometimes,yes,yes,yes,sunny,0.14,permitted
others,blacklisted,luxe,a1,peak,improbable,improbable,yes,no,always,no,yes,no,sunny,0.01,denied
NS LGW,w DGX,SEC,ZM37,OYAB,probable,probable,yes,no,never,yes,yes,no,stormy,0.65,permitted
HZ WJO,y NLP,ADD,VC59,KNEG,probable,improbable,no,yes,sometimes,no,no,yes,rainy,0.56,permitted
NM GXG,n GRM,TXA,CP54,YDID,improbable,improbable,no,no,sometimes,yes,no,no,rainy,0.22,permitted
DZ VSH,a DZC,TWK,RO82,TYMJ,improbable,improbable,no,no,sometimes,yes,no,no,windy,0.84,permitted
BI DQY,y IFC,HXJ,MG95,VCET,improbable,probable,yes,yes,sometimes,no,yes,yes,windy,0.83,permitted
VK RFW,d GZT,YXC,IN87,WOPD,improbable,improbable,no,yes,sometimes,yes,yes,yes,stormy,0.72,permitted
caraccess,normal,normal,a1,off,improbable,probable,no,no,never,no,no,yes,sunny,0.12,permitted
VI VUN,x BLB,PYW,HX25,FSQZ,improbable,improbable,yes,yes,sometimes,yes,yes,yes,stormy,0.06,permitted
WF QAX,h GHX,TVZ,JT25,NVNE,probable,probable,no,yes,never,yes,no,no,cloudy,0.72,permitted
HM AIU,c KJI,LMA,QL71,FKSO,improbable,improbable,no,yes,sometimes,no,no,yes,rainy,0.22,permitted
caraccess,normal,normal,a3,peak,probable,probable,no,yes,never,yes,yes,no,cloudy,0.8,permitted
GU LXM,y HDV,PKT,IC38,TAGC,improbable,improbable,no,no,never,yes,yes,yes,sunny,0.27,permitted
others,normal,luxe,a3,peak,improbable,improbable,yes,no,always,yes,no,no,windy,0.64,permitted
OT CPO,s GHK,ZVU,LA54,FZLA,probable,improbable,no,yes,always,no,no,yes,rainy,0.72,permitted
YU XJV,a CRG,NNN,CD69,XPXT,improbable,improbable,no,no,sometimes,no,no,yes,stormy,0.26,permitted
FC PHB,l QLI,GIG,PM30,DEAP,improbable,probable,no,yes,always,yes,yes,yes,cloudy,0.41,denied
HS SGY,v ZSK,OCJ,HE76,IZMK,probable,improbable,yes,no,always,yes,yes,no,sunny,0.12,denied
ED LEE,c LCP,TNV,TE36,ZSPH,probable,probable,yes,no,never,yes,no,yes,windy,0.01,permitted
caraccess,vip,normal,a1,peak,probable,improbable,no,yes,never,no,yes,yes,stormy,0.68,permitted
FC BOP,k EWQ,NYI,TE04,JYTH,improbable,improbable,no,yes,always,yes,yes,no,cloudy,0.85,permitted
GK WBU,x UPR,TDD,UI70,IGDN,probable,improbable,yes,yes,never,no,no,yes,cloudy,0.08,permitted
WE DBO,i DMG,MJX,TW13,NXFI,improbable,improbable,no,no,never,no,yes,yes,windy,0.35,denied
IQ FBG,z IDI,CHR,YD56,KTPX,improbable,improbable,no,yes,sometimes,no,yes,no,cloudy,0.83,denied
HL LME,w WYE,DTE,XX61,SAAE,probable,improbable,yes,no,sometimes,no,no,yes,stormy,0.48,permitted
police,blacklisted,luxe,a2,off,improbable,improbable,no,no,sometimes,no,yes,yes,sunny,0.45,denied
EQ LXO,w OUX,WGX,MU75,ULTG,improbable,improbable,no,no,never,no,yes,yes,sunny,0.09,denied
CW AZT,y AVD,GVH,HO38,HKDO,improbable,probable,no,yes,sometimes,yes,no,no,stormy,0.22,permitted
DV WYY,j HZP,UVW,EL77,EXPJ,improbable,improbable,yes,no,never,yes,no,no,rainy,0.26,permitted
QR RUY,h ALX,GOJ,EJ98,ZXME,probable,probable,no,yes,sometimes,no,no,no,sunny,0.97,permitted
ZO ATT,u WHE,DSG,UZ72,ZPXE,improbable,probable,no,no,sometimes,no,no,no,cloudy,0.86,permitted
IN VRM,h JGX,XQY,SG00,VXTR,probable,probable,yes,no,sometimes,yes,no,no,stormy,0.6,permitted
GF PJY,i RFU,CNF,QN77,YCDZ,probable,improbable,no,yes,never,yes,no,no,rainy,0.51,permitted
OO ULB,p WOY,XTO,JZ64,HDEB,improbable,improbable,yes,no,always,no,yes,yes,stormy,0.73,permitted
CK AYL,j FLR,GUM,ON73,OTRG,probable,probable,no,no,always,no,no,yes,rainy,0.91,permitted
XW OQC,d MYY,VJH,KU62,MABC,improbable,probable,no,yes,never,yes,no,no,sunny,0.39,permitted
QQ GEE,h CYE,PKV,HC07,YREW,probable,probable,yes,no,never,yes,yes,yes,windy,0.36,permitted
FP EPH,t VAX,LBB,JN86,SFDL,improbable,improbable,yes,yes,sometimes,no,no,yes,windy,0.2,permitted
ZM KEI,r NZU,TXG,LI36,GEPP,probable,improbable,no,yes,never,no,yes,yes,rainy,0.09,denied
UV FBG,d TCJ,OBE,IH15,EPUH,probable,probable,no,no,sometimes,yes,no,no,cloudy,0.93,denied
XE BBE,p VDG,PQK,TK59,OFOL,probable,probable,yes,no,always,yes,yes,yes,cloudy,0.96,permitted
GY HOR,g WDA,TLV,RD21,DQPR,improbable,improbable,no,no,sometimes,yes,no,no,cloudy,0.8,permitted
police,vip,normal,a3,off,probable,probable,no,yes,sometimes,no,no,yes,rainy,0.76,permitted
LC WOV,d LUJ,AFG,JR58,NUVO,probable,improbable,no,no,always,no,yes,no,cloudy,0.88,permitted
KQ TOS,o RCL,POY,JL29,ETLU,improbable,probable,yes,yes,never,yes,yes,no,windy,0.93,permitted
VH IOZ,h CSS,BVC,NY02,GSPL,probable,improbable,yes,yes,never,yes,no,yes,windy,0.85,permitted
IX SMP,p VJR,BHC,VC28,WRGX,probable,improbable,no,no,sometimes,no,no,yes,windy,0.21,permitted
WF SDV,r HNE,PGY,HD18,IZSX,improbable,probable,yes,yes,always,yes,no,no,stormy,0.52,permitted
VC FQU,w JTB,QYG,PF83,ZGFI,improbable,improbable,yes,no,sometimes,no,yes,yes,rainy,0.52,denied
LJ GFU,g RXT,MSK,NA78,EVAX,probable,improbable,yes,no,sometimes,yes,no,yes,sunny,0.48,permitted
JW ZFA,g HQW,DUU,RL63,POUR,probable,improbable,no,yes,sometimes,yes,no,no,rainy,0.5,permitted
TD OHW,s RNL,CAE,GC10,CIWN,probable,improbable,yes,yes,sometimes,yes,yes,no,cloudy,0.44,permitted
ZV LKD,f JNG,YTJ,SB00,AUGP,probable,probable,no,no,sometimes,yes,no,no,rainy,0.07,permitted
EA PJQ,e XFN,NTS,QC76,JULI,improbable,improbable,yes,yes,sometimes,no,yes,yes,sunny,0.25,permitted
JA PXW,i HAA,MLM,BR60,CFML,improbable,improbable,no,no,always,no,no,no,sunny,0.84,permitted
OB BIU,n LOL,VBE,NF66,MTGZ,probable,probable,yes,yes,always,yes,yes,yes,windy,0.55,denied
caraccess,vip,normal,a2,off,probable,probable,no,yes,never,yes,no,yes,windy,0.64,permitted
others,normal,normal,a1,off,improbable,probable,no,yes,never,no,yes,no,stormy,0.74,denied
WP HQR,b IVN,NPE,QX46,VSVR,probable,probable,no,no,always,no,yes,yes,windy,0.49,permitted
MB AAQ,b JGT,TDU,AM88,LLFF,probable,improbable,yes,yes,sometimes,yes,no,yes,stormy,0.35,permitted
LX WNU,f IGR,LLQ,IF38,GIRS,probable,probable,no,no,never,no,no,yes,sunny,0.35,permitted
WE GZC,p BEY,OTO,GS83,CIWU,improbable,probable,no,yes,sometimes,no,no,yes,cloudy,0.78,permitted
KO QLM,w YMI,ANB,ZX14,XWKV,probable,probable,yes,no,sometimes,yes,yes,no,windy,0.65,permitted
QG NFN,c FHD,MNU,LP43,CIZU,improbable,improbable,no,yes,sometimes,no,no,no,windy,0.49,permitted
partner,vip,luxe,a1,peak,improbable,probable,yes,no,always,yes,no,no,sunny,0.38,permitted
NA AIA,b JQQ,RJR,HU46,NUGA,improbable,improbable,yes,yes,always,no,no,yes,stormy,0.27,denied
ST XWD,p IIU,FNN,FK69,VEOY,improbable,improbable,no,yes,never,no,no,no,rainy,0.06,permitted
FE WAE,p NBS,BXU,NY02,UCCY,improbable,probable,no,no,always,yes,yes,no,sunny,0.09,permitted
ZQ PBU,t IEO,ZOA,US19,FQGA,improbable,improbable,no,no,never,yes,no,yes,sunny,0.5,permitted
partner,vip,normal,a2,peak,probable,probable,no,yes,never,no,no,no,sunny,0.72,permitted
others,normal,luxe,a2,peak,improbable,probable,yes,no,sometimes,no,yes,no,sunny,0.45,permitted
CD MRG,d WMF,HWV,KX81,LNXN,improbable,improbable,no,no,sometimes,no,no,yes,cloudy,0.77,permitted
CD KHF,f WUJ,DZT,GE79,HHDM,improbable,improbable,yes,yes,sometimes,no,no,yes,rainy,0.87,permitted
SZ LIR,f ORU,YBP,WO36,ZHIE,probable,probable,yes,yes,sometimes,yes,yes,no,stormy,0.91,permitted
MP WNT,h OEY,VOC,WI26,VIOG,improbable,probable,no,no,sometimes,no,no,no,stormy,0.14,permitted
XZ FST,y DBZ,FYV,ZD01,LESK,improbable,probable,yes,no,never,yes,yes,yes,rainy,0.21,permitted
partner,normal,normal,a2,off,probable,probable,yes,yes,never,no,yes,yes,stormy,0.63,permitted
HQ AGV,b AIA,SCA,HT09,EECL,improbable,improbable,yes,no,never,yes,no,no,stormy,0.78,permitted
ZV VBB,m IIL,MRS,UJ29,OFEP,probable,probable,no,yes,always,yes,no,yes,windy,0.09,denied
GH JLG,l YWQ,XJE,DB51,CPFS,probable,probable,no,no,sometimes,yes,yes,yes,stormy,0.92,permitted
RT IGS,d WQK,PMO,XY75,PQSV,probable,probable,no,yes,sometimes,yes,no,yes,rainy,0.41,permitted
HW SAA,y ZDH,DMI,ZG77,SXVF,improbable,probable,yes,yes,sometimes,yes,no,no,rainy,0.05,permitted
ZN UCY,u CUQ,BBE,UW42,FDPR,probable,improbable,yes,yes,sometimes,yes,no,yes,windy,0.55,permitted
SR KOP,z KWO,OOL,MQ60,DACL,improbable,improbable,yes,yes,always,no,yes,yes,stormy,0.22,permitted
DN WVX,e HEA,LLU,YW19,EMVC,probable,probable,yes,yes,sometimes,no,no,no,stormy,0.75,permitted
XC FOH,x JFL,SOB,YW08,XHTI,probable,improbable,no,yes,always,yes,yes,no,cloudy,0.44,permitted
caraccess,normal,normal,a3,off,probable,improbable,no,yes,never,yes,no,no,stormy,0.57,denied
WH ZUP,l YUD,JTX,XI35,BUUL,improbable,probable,yes,yes,never,no,yes,yes,sunny,0.66,permitted
SX SHU,h ULS,SOB,LL19,MGNZ,probable,improbable,no,yes,sometimes,no,yes,no,windy,0.35,permitted
others,vip,normal,a3,peak,probable,probable,no,yes,sometimes,no,yes,no,windy,0.65,permitted
GU AAZ,r RBV,SIJ,XP27,MZCX,improbable,improbable,yes,no,sometimes,yes,no,no,stormy,0.2,permitted
caraccess,normal,normal,a2,peak,probable,probable,no,yes,never,yes,yes,no,stormy,0.97,permitted
OC VLC,v DSE,WBF,EB69,PBCO,improbable,improbable,yes,yes,sometimes,no,no,no,rainy,0.69,permitted
PG HJS,d CWG,XTD,YE23,XLRS,probable,probable,no,no,never,yes,no,no,rainy,0.91,permitted
partner,normal,normal,a1,off,probable,probable,no,yes,never,no,no,yes,stormy,0.21,permitted
OQ ADM,u SUG,NOS,EN46,IPTO,improbable,probable,no,no,sometimes,yes,no,no,cloudy,0.45,denied
II UYC,c SYX,EMN,RS78,MFLD,improbable,probable,no,yes,sometimes,yes,yes,no,rainy,0.51,permitted
SA NDG,p LWO,CRR,AJ12,NXIF,probable,probable,no,yes,sometimes,yes,no,no,windy,0.92,permitted
ZM RJV,v GSV,DPU,TP40,NSPF,improbable,improbable,yes,no,sometimes,no,no,yes,windy,0.53,permitted
NF YAC,q IUJ,WXM,XA38,AVXG,improbable,probable,no,no,sometimes,yes,no,yes,sunny,0.12,permitted
PC NHX,w RMO,WXZ,LS25,VNCP,improbable,probable,yes,yes,sometimes,no,no,yes,cloudy,0.57,permitted
TG TUQ,l URS,TMM,HM11,JCDB,improbable,probable,no,no,sometimes,yes,yes,yes,rainy,0.2,permitted
JE TPY,v DCL,QLN,ZX14,ENAJ,improbable,improbable,yes,no,sometimes,yes,yes,no,windy,0.67,permitted
RJ NZG,w JEY,PCA,VE89,WXDP,improbable,improbable,no,yes,sometimes,yes,no,no,sunny,0.9,permitted
XV BOD,j FNH,LKR,NZ22,BQTX,probable,probable,yes,no,never,yes,yes,no,cloudy,0.82,denied
IJ HUR,q AVP,ALH,RM14,HAQJ,probable,probable,yes,no,sometimes,yes,yes,no,windy,0.32,denied
XA MVU,m REG,DGV,EH84,RRWS,improbable,improbable,no,no,always,yes,yes,no,rainy,0.3,permitted
LX LYX,u XDJ,OVD,RW66,OKAV,improbable,probable,yes,no,sometimes,yes,no,no,stormy,0.72,permitted
police,normal,luxe,a1,peak,improbable,improbable,yes,no,never,yes,no,yes,rainy,0.9,permitted
JP JAN,b RFM,ZFS,LG45,LSBK,probable,improbable,yes,no,sometimes,yes,yes,no,windy,0.97,permitted
EX ZMI,a VUS,FFC,AV47,QCBY,probable,improbable,yes,yes,always,yes,yes,yes,rainy,0.43,permitted
PM NQN,q MVX,EBE,NA69,JAGP,improbable,probable,yes,no,sometimes,no,no,yes,cloudy,0.66,permitted
DS QGW,j LSZ,ZXE,HK98,OEFH,improbable,improbable,no,yes,sometimes,no,no,no,cloudy,0.61,permitted
TQ CWD,o LHH,VQM,ZA49,JOGX,improbable,improbable,no,no,sometimes,no,no,yes,cloudy,0.45,permitted
LF FNZ,t YEZ,UYN,TE61,SMDL,probable,probable,yes,no,always,no,no,yes,stormy,0.38,permitted
HQ ZXZ,v GGE,SVI,DZ10,FDDC,probable,improbable,yes,no,never,no,no,yes,windy,0.47,permitted
VQ ZEA,z IYH,WEE,FL03,UOIH,probable,improbable,no,no,never,yes,no,yes,rainy,0.24,permitted
EV QDG,s FOI,CBH,GB38,PSKA,improbable,improbable,no,no,sometimes,no,yes,no,cloudy,0.08,permitted
FC BZE,v JFK,ZUX,LT86,WLXZ,improbable,probable,no,yes,always,yes,yes,no,cloudy,0.21,permitted
KS CAU,g TVG,EWL,KM07,OORS,probable,improbable,no,no,sometimes,no,no,yes,stormy,0.57,denied
EU NDP,g USJ,HTE,MG69,YWOS,probable,improbable,no,yes,always,no,no,no,windy,0.99,permitted
DW DKT,o NEV,TVM,WO46,UXWD,probable,probable,yes,yes,sometimes,no,yes,yes,cloudy,0.12,denied
BX BEH,x EYR,BQF,LM96,WWXF,probable,improbable,no,no,never,no,yes,yes,rainy,0.04,permitted
caraccess,blacklisted,luxe,a3,peak,improbable,probable,yes,no,always,no,yes,no,sunny,0.19,denied
IJ EPF,t BYW,FCJ,GF52,ELFU,improbable,probable,no,yes,never,yes,yes,yes,cloudy,0.79,denied
UM PDN,w FIU,LPX,SS29,MMOS,probable,probable,yes,yes,always,yes,no,yes,stormy,0.71,permitted
TC RAE,y TEH,WLI,OJ28,ZUJX,improbable,probable,no,yes,never,no,no,no,windy,0.71,permitted
XE LOD,b DIB,GEB,UG37,HYWT,probable,probable,yes,no,never,yes,no,yes,stormy,0.76,permitted
OK DHS,o BYA,QGB,ZS59,VPNQ,improbable,probable,no,yes,always,yes,no,no,cloudy,0.1,permitted
YD IXH,b VNR,XYW,YV09,RPWV,improbable,improbable,yes,yes,sometimes,no,yes,no,stormy,0.14,permitted
DF NTG,t CPA,BYK,OG24,SXGQ,improbable,probable,no,yes,sometimes,no,no,no,windy,0.2,permitted
XL PPV,m FEF,XBV,XK87,NCME,probable,probable,yes,yes,sometimes,yes,yes,no,sunny,0.96,permitted
ZC SUT,h PSL,EFB,AU69,UFLE,probable,improbable,yes,yes,never,yes,yes,yes,rainy,0.8,denied
HA UKA,x EOT,ASP,IY80,OYNF,improbable,probable,yes,no,always,no,yes,yes,cloudy,0.33,denied
QZ SJJ,h FJL,ETX,HN98,XBNL,improbable,improbable,no,no,always,yes,no,yes,stormy,0.65,permitted
NM VYM,v WUW,RVT,AN90,QYBM,probable,improbable,no,no,never,yes,no,yes,rainy,0.26,permitted
partner,vip,normal,a1,off,probable,probable,no,yes,never,no,no,yes,cloudy,0.29,permitted
JW VQX,d FYV,RFX,FQ96,RXLK,probable,improbable,no,no,never,yes,yes,no,sunny,0.73,permitted
police,normal,luxe,a2,off,improbable,probable,yes,no,always,no,no,yes,windy,0.46,permitted
EG ELM,p MON,LTJ,EW19,VEQJ,probable,improbable,no,no,never,yes,yes,no,sunny,0.85,permitted
ZR HPO,v ARK,GGL,HB47,UFFA,improbable,improbable,yes,yes,sometimes,no,no,yes,cloudy,0.83,permitted
others,vip,luxe,a2,peak,improbable,improbable,yes,no,always,no,no,yes,stormy,0.84,permitted
YZ APN,r UDS,HQP,XV36,YLVM,probable,improbable,no,yes,sometimes,no,no,no,cloudy,0.86,permitted
IJ XHD,p YZL,HBV,WQ30,VJPZ,improbable,improbable,no,yes,sometimes,no,no,yes,windy,0.28,permitted
IP ZUU,h QRZ,BJQ,UD45,TBGG,improbable,improbable,yes,yes,never,no,yes,no,rainy,0.19,permitted
AB LPI,o FSW,ZXZ,HG40,JAVZ,improbable,probable,no,yes,sometimes,no,no,no,sunny,0.71,permitted
NO LRH,h SWI,BKX,SZ59,YXTR,probable,improbable,yes,no,sometimes,yes,yes,no,rainy,0.8,permitted
CV QED,x LRE,NQQ,IM49,EERZ,probable,probable,no,no,always,yes,no,yes,stormy,0.53,permitted
CD EEQ,w QHS,GLQ,KD64,EZLZ,probable,improbable,yes,yes,sometimes,no,yes,yes,sunny,0.24,permitted
AO YBX,w IXH,WUF,BL03,CNUO,improbable,improbable,yes,no,always,yes,no,no,windy,0.18,permitted
PC ZVH,n EJV,UHG,SC35,IYSZ,probable,probable,yes,no,always,yes,no,no,cloudy,0.23,permitted
DR KMU,z BXO,RHY,RV54,XUCU,probable,probable,yes,yes,never,yes,yes,no,cloudy,0.14,permitted
SY TKX,m NXD,VYY,II61,RSYQ,improbable,improbable,yes,no,always,yes,yes,yes,stormy,0.73,permitted
XD PCN,u OEF,LHG,YE76,XOGJ,improbable,probable,yes,yes,always,no,yes,yes,sunny,0.7,denied
HQ WRH,z KQM,OEN,BU78,BBFF,probable,probable,yes,yes,sometimes,yes,yes,yes,cloudy,0.21,permitted
police,blacklisted,normal,a3,peak,probable,probable,no,yes,never,yes,no,yes,sunny,0.55,denied
police,blacklisted,luxe,a2,peak,improbable,improbable,yes,no,always,yes,yes,yes,stormy,0.37,denied
DN CLT,e HDR,NRY,WI49,JPCQ,probable,probable,yes,yes,never,no,no,yes,windy,0.23,denied
XK UFW,x YJM,NHF,CM09,LXCI,probable,probable,yes,no,never,yes,yes,yes,cloudy,0.79,permitted
partner,normal,normal,a1,peak,probable,probable,no,no,always,yes,yes,no,stormy,0.24,permitted
ES KOZ,e UAX,UZS,RX85,BCFK,probable,probable,yes,yes,always,no,yes,no,cloudy,0.36,permitted
HJ EDD,l ZGK,ROX,OH64,SROX,probable,improbable,no,yes,never,yes,no,yes,stormy,0.73,permitted
PQ NOL,a FQF,NKV,BZ81,FGJM,improbable,probable,yes,no,never,yes,yes,no,rainy,0.67,permitted
YN LUF,v LBE,MVC,DQ28,RUNZ,improbable,probable,no,no,always,no,no,no,windy,0.55,permitted
XJ PCQ,u HBR,JGV,WK86,BRWB,probable,probable,yes,yes,always,yes,yes,no,sunny,0.92,permitted
YN RHP,v KGB,BQM,DB11,ZWAC,probable,improbable,no,yes,never,no,yes,no,sunny,0.89,permitted
OS INL,b RSA,UNS,AV66,UVCD,probable,probable,yes,yes,always,yes,no,yes,sunny,0.33,permitted
partner,vip,normal,a2,off,probable,probable,no,yes,never,yes,no,yes,rainy,0.74,permitted
partner,normal,luxe,a3,peak,improbable,improbable,yes,yes,always,no,no,yes,rainy,0.84,permitted
FN QLY,w EGN,YER,SA67,SCXT,probable,probable,yes,no,always,no,yes,no,rainy,0.26,permitted
HW OIZ,t IZH,YBO,TJ31,GTRP,improbable,improbable,yes,no,sometimes,yes,no,no,windy,0.38,permitted
BC UZP,h HWN,BSK,OS16,CYVO,probable,probable,yes,no,always,no,yes,no,sunny,0.96,permitted
SY KBR,a IAW,QQR,QF44,CKZD,improbable,improbable,no,yes,never,yes,no,no,windy,0.9,denied
others,blacklisted,luxe,a2,off,improbable,improbable,yes,no,sometimes,yes,no,yes,windy,0.81,denied
police,vip,luxe,a3,peak,probable,improbable,yes,no,sometimes,yes,yes,no,sunny,0.24,permitted
FX OMK,z QWK,PJI,TB47,AFJT,probable,probable,yes,yes,always,yes,yes,yes,windy,0.97,permitted
IT ENB,v QJF,RYR,TO68,OTID,improbable,probable,no,no,never,no,no,yes,sunny,0.27,permitted
caraccess,vip,luxe,a1,off,improbable,improbable,yes,no,sometimes,no,no,no,stormy,0.57,denied
ZG GEM,r DWT,MYO,SA31,RUVS,improbable,probable,no,yes,never,yes,yes,no,sunny,0.42,denied
WD NWY,x WEN,TNU,HE87,SRUS,improbable,improbable,yes,yes,sometimes,yes,no,no,sunny,0.18,permitted
PO UYE,x YZW,GRU,ST58,IEOO,probable,probable,no,no,sometimes,yes,no,yes,stormy,0.59,permitted
ZP TAG,n AFC,PSF,WH71,MIMS,improbable,probable,no,no,always,yes,yes,yes,cloudy,0.61,permitted
KZ VUX,d ONH,WJQ,TD00,ALVL,improbable,improbable,yes,yes,never,no,no,no,rainy,0.82,permitted
YU STG,h PQI,QJT,LL97,LHNE,probable,improbable,yes,no,always,no,no,no,stormy,0.72,permitted
LN IDN,r CJE,YCA,GU95,VMNZ,probable,probable,no,no,sometimes,yes,no,yes,rainy,0.95,denied
OR WOU,h NJE,WRC,JF38,RSCB,probable,probable,yes,no,sometimes,no,yes,no,stormy,0.07,permitted
LY HOW,d CON,WSC,RN91,YVJN,probable,improbable,yes,yes,never,yes,no,yes,cloudy,0.17,permitted
TL FLP,e ZRD,FTT,ZS24,AGHF,improbable,improbable,yes,no,sometimes,yes,no,no,rainy,0.75,permitted
RI FHZ,s XJU,FIZ,JL72,XXUP,probable,improbable,yes,no,sometimes,yes,no,yes,windy,0.33,permitted
WI TJG,t YCN,RZJ,ZW19,RSAH,probable,improbable,yes,no,never,yes,no,no,rainy,0.14,permitted
VL IOO,k KBZ,SYZ,PR20,XNAB,improbable,probable,yes,yes,never,no,yes,no,cloudy,0.14,denied
OU LFC,b PQV,XLX,LB18,GTEV,improbable,probable,yes,no,sometimes,no,yes,yes,sunny,0.33,permitted
RH XJN,x MAD,ITC,CU49,IXCJ,improbable,probable,yes,no,sometimes,yes,yes,yes,sunny,0.47,permitted
HM TIR,g DWF,YRR,TB82,QLXK,probable,probable,no,yes,sometimes,yes,no,no,stormy,0.45,permitted
CD OCR,n WBW,MNL,KB19,ANBT,probable,improbable,yes,yes,never,no,yes,no,rainy,0.58,permitted
QV WNK,j QIB,GZU,PJ78,SGNG,improbable,probable,no,yes,always,yes,yes,yes,cloudy,0.81,permitted
SO XBN,b MJV,FRN,LD90,FYSR,improbable,probable,yes,no,always,yes,no,yes,sunny,0.57,permitted
BF NQD,z UNF,GNA,RP73,UEYZ,improbable,improbable,no,no,never,yes,no,no,rainy,0.9,permitted
HK OCL,d FBG,QIX,IW14,NMIN,probable,probable,no,no,sometimes,no,no,yes,windy,0.98,permitted
IU GPP,j DUZ,IMX,MW72,QSQT,improbable,improbable,yes,yes,sometimes,no,yes,no,windy,0.99,permitted
VA WRS,k PXB,BZX,IX74,XECA,improbable,improbable,no,no,always,no,yes,no,cloudy,0.52,permitted
XA ZIO,m FSL,UFL,CT25,ACTD,improbable,probable,yes,no,sometimes,no,no,no,sunny,0.65,permitted
US BWO,e EUQ,HWN,RX65,AOXB,improbable,improbable,yes,no,never,yes,yes,yes,windy,0.77,denied
ZX FNX,r URH,ASC,FT06,NFWQ,probable,probable,yes,yes,never,yes,no,no,stormy,0.15,permitted
caraccess,vip,normal,a3,off,probable,probable,no,yes,never,yes,yes,no,stormy,0.18,denied
EP CHA,o XUI,GEM,FZ21,WFEL,probable,probable,yes,yes,sometimes,no,no,yes,stormy,0.75,permitted
CG BQQ,w LDD,KXZ,OC13,TAMJ,probable,probable,yes,no,never,no,yes,yes,sunny,0.53,permitted
II PVO,g DIS,NNY,SI93,SOTK,probable,improbable,yes,yes,sometimes,no,no,no,rainy,0.91,permitted
NY PUP,z HQW,YCT,SH74,SDQW,improbable,improbable,no,yes,sometimes,yes,yes,yes,stormy,0.26,permitted
HB XFB,m TTZ,ZPX,UM41,CBHU,probable,probable,no,yes,never,yes,no,no,stormy,0.47,permitted
HP FII,l NPZ,UPZ,RU01,TDXI,improbable,improbable,no,yes,sometimes,no,yes,no,cloudy,0.61,denied
FO KLC,x PXQ,RZW,DN08,BJIF,improbable,improbable,no,no,never,no,no,yes,sunny,0.05,permitted
KZ KVP,m LAC,DBK,OF35,YKNJ,probable,improbable,yes,no,sometimes,yes,no,yes,rainy,0.03,permitted
BK ZPI,t UTF,VOV,ME24,FSBW,improbable,probable,no,no,never,yes,no,yes,cloudy,0.01,permitted
QZ GGZ,a JMI,JGU,OF54,REFI,probable,probable,no,no,sometimes,yes,no,no,stormy,0.06,permitted
SW TSS,k NHC,IHS,XL16,LJHB,probable,probable,no,no,sometimes,yes,yes,no,stormy,0.2,denied
SG SVI,a VZN,ZZZ,TL63,CGTW,probable,probable,yes,yes,sometimes,no,no,yes,rainy,0.29,permitted
KL AVQ,f ZGS,RQF,YO36,VEMH,improbable,improbable,yes,yes,sometimes,yes,yes,yes,windy,0.47,permitted
DL ETB,k PER,VRF,YB23,WVGB,probable,improbable,no,yes,always,yes,no,no,rainy,0.27,permitted
RF UXC,d WCD,UME,CI82,GSOJ,improbable,improbable,no,no,sometimes,no,yes,yes,cloudy,0.95,permitted
caraccess,blacklisted,normal,a1,peak,improbable,probable,no,yes,always,no,no,no,windy,0.34,denied
EQ FRR,u ODS,KLC,RM43,KQSR,improbable,probable,yes,no,never,no,yes,no,rainy,0.4,permitted
UM CRD,t RFO,HJW,XB60,MTZB,probable,probable,yes,no,sometimes,yes,no,yes,rainy,0.15,denied
KQ PXC,x QZB,GQM,TY49,LDIA,improbable,probable,no,yes,sometimes,no,no,no,rainy,0.5,denied
GT KRH,k PQS,CXU,BT73,TXUN,improbable,probable,no,no,always,yes,no,no,cloudy,0.54,permitted
KD CHO,m GSX,SST,SX55,FFOA,improbable,probable,no,no,never,yes,yes,yes,stormy,0.91,permitted
QK LUD,b ADS,BPG,FZ65,YTAC,improbable,improbable,yes,yes,sometimes,yes,no,yes,stormy,0.73,permitted
NZ VVA,t FHC,WHV,PH61,VEZD,probable,probable,no,no,never,yes,no,yes,sunny,0.06,denied
WY AWW,q RMJ,AAZ,YF29,WOUP,improbable,probable,yes,yes,sometimes,yes,no,yes,cloudy,0.05,denied
police,normal,luxe,a3,off,improbable,improbable,yes,no,always,yes,yes,no,windy,0.96,permitted
FF UWG,h KQZ,OKB,ZN76,SWZI,probable,improbable,yes,yes,always,no,yes,yes,rainy,0.56,denied
NI ZID,l PFB,BDX,CL08,TRHI,improbable,probable,yes,yes,never,no,no,yes,stormy,0.03,denied
others,vip,normal,a2,peak,probable,probable,no,yes,never,no,no,no,windy,0.46,permitted
YM DFV,m WDW,SMD,SE79,DVDU,improbable,probable,yes,no,sometimes,no,no,yes,sunny,0.44,denied
WT USU,z CPE,IYJ,BF53,PDRI,improbable,probable,yes,no,sometimes,yes,no,yes,cloudy,0.64,permitted
QT CJC,e MMO,RWJ,TG69,MDML,improbable,improbable,no,no,sometimes,yes,no,no,sunny,0.53,denied
VI UBL,q NCS,QBN,WL22,HJOF,improbable,improbable,no,no,sometimes,no,yes,no,windy,0.5,denied
others,vip,normal,a1,off,probable,probable,no,yes,never,no,yes,no,cloudy,0.22,permitted
RL YWY,q JWG,ZZG,BA87,SKCD,improbable,probable,yes,no,sometimes,yes,yes,no,windy,0.09,permitted
DZ LCC,g AAC,LVH,RV49,NUKD,probable,improbable,yes,no,always,no,yes,no,sunny,0.31,permitted
CA VJM,c VRN,NWZ,IH99,BQKE,probable,improbable,yes,yes,always,yes,yes,no,rainy,0.08,permitted
JN DLO,k CEI,MNT,QF47,IDTL,improbable,probable,yes,yes,sometimes,yes,no,no,sunny,0.41,permitted
IL LHZ,h OFT,GBK,IW51,IMZU,probable,probable,yes,yes,sometimes,yes,yes,yes,sunny,0.08,permitted
QR FIA,k HHN,ICP,RJ81,GCCF,improbable,probable,no,yes,sometimes,no,yes,no,stormy,0.2,denied
JO NVH,q GIT,JSW,EC02,PNFR,probable,probable,yes,no,never,no,yes,yes,windy,0.45,permitted
NA AUF,n XST,COY,RO88,DZOH,improbable,improbable,no,yes,sometimes,no,yes,yes,windy,0.02,denied
VB TGW,n QDI,WUZ,LW52,CILV,improbable,improbable,yes,yes,always,yes,no,no,stormy,0.99,permitted
FC WWV,z HHM,VQZ,PK22,WUKW,improbable,improbable,no,no,never,yes,yes,yes,sunny,0.01,permitted
FO VHC,c WUN,PEY,AX05,FKFA,probable,improbable,no,yes,never,yes,no,yes,rainy,0.67,denied
DA GHS,z KQY,CFR,NX48,ZVKE,probable,improbable,no,yes,never,no,no,yes,cloudy,0.69,permitted
ZG DQF,x JZO,NLB,ZW12,WOZB,improbable,probable,yes,no,never,no,yes,no,sunny,0.02,permitted
WA FSQ,m RHQ,XTX,CY05,GQVS,improbable,probable,no,no,always,no,yes,no,rainy,0.4,permitted
ER NFZ,g NXC,AIM,XS42,HCEG,improbable,probable,yes,no,never,no,no,no,rainy,0.76,permitted
FV EKU,n EYG,MJR,HM99,KDOG,improbable,improbable,no,yes,sometimes,yes,no,no,rainy,0.29,permitted
others,normal,normal,a1,peak,probable,probable,no,yes,sometimes,no,yes,yes,stormy,0.07,permitted
caraccess,vip,normal,a2,peak,probable,probable,no,yes,never,yes,no,yes,windy,0.34,permitted
BY WHZ,d CWR,YRL,FO33,WANU,probable,probable,no,yes,sometimes,no,yes,no,windy,0.32,permitted
UB LEI,o KER,QAD,UV09,KSNS,improbable,probable,no,yes,never,no,yes,no,cloudy,0.04,permitted
others,blacklisted,normal,a2,off,probable,probable,no,yes,never,no,yes,yes,windy,0.19,denied
HO UCB,m CMO,FYC,EJ06,KZYH,probable,probable,yes,yes,never,yes,no,no,sunny,0.59,permitted
CG YWO,f QOG,DDF,JE57,MJOW,improbable,improbable,yes,yes,never,no,yes,yes,cloudy,0.58,permitted
GO LGL,i GZQ,TYT,OJ16,RTRP,probable,improbable,no,no,always,yes,yes,no,cloudy,0.29,permitted
SF IOJ,b UNE,UPL,KI57,FUXD,probable,improbable,no,yes,sometimes,no,no,yes,rainy,0.22,permitted
EJ YAA,b MVX,WUQ,JV62,KLZL,probable,probable,yes,no,sometimes,no,yes,yes,sunny,0.46,permitted
KW VTS,s YIJ,YLZ,AU81,YOBD,probable,probable,yes,yes,sometimes,yes,no,no,rainy,0.34,permitted
HJ GGS,g ENY,UXQ,OP41,OGFT,probable,improbable,no,yes,never,no,no,no,sunny,0.44,permitted
IK ZTI,k NBK,IMQ,PA00,IXYI,probable,probable,no,no,sometimes,no,yes,yes,stormy,0.14,permitted
NW ZEV,k IDG,ZVT,ED92,LETD,probable,improbable,yes,no,never,yes,yes,no,cloudy,0.29,denied
GJ AWF,e BFC,CCJ,HR13,ZPDT,probable,improbable,yes,yes,never,yes,yes,yes,cloudy,0.81,permitted
QS TAZ,k HXB,AXF,HQ57,UOSY,improbable,improbable,yes,yes,never,no,yes,yes,cloudy,0.56,permitted
DM NCM,t TKA,HJV,TC18,MDER,probable,improbable,yes,yes,always,yes,yes,no,sunny,0.55,permitted
MO OME,p NQR,UXJ,UR42,WMXE,improbable,probable,no,no,always,yes,yes,no,stormy,0.66,denied
DL BNT,l ORB,JTR,YR70,VNVB,improbable,improbable,yes,yes,sometimes,yes,no,no,windy,0.93,permitted
UX FNU,o QTT,XBI,VH84,OJCW,improbable,probable,no,no,sometimes,no,yes,yes,stormy,0.08,permitted
YB DAV,k DMB,AEK,ZM83,OFMY,improbable,improbable,no,no,always,yes,yes,yes,sunny,0.9,permitted
QM OCU,o QJB,OTG,GJ32,BARF,probable,improbable,no,yes,always,yes,yes,yes,windy,0.8,permitted
MV NPE,b MYT,TEU,WB95,WRCX,probable,improbable,no,no,always,no,yes,yes,windy,0.97,permitted
partner,normal,luxe,a3,off,improbable,improbable,yes,no,always,yes,no,yes,stormy,0.83,denied
IY JED,c GYB,DUM,PE34,IVDH,improbable,improbable,yes,no,never,no,yes,yes,windy,0.26,permitted
police,vip,luxe,a1,peak,improbable,improbable,yes,yes,never,no,no,yes,stormy,0.87,permitted
EQ OUC,v MZI,CSE,WH82,AAHN,probable,probable,no,yes,sometimes,no,no,yes,rainy,0.04,permitted
DI TSG,q MOU,IPD,LC40,QMRP,improbable,probable,yes,yes,sometimes,no,no,yes,stormy,0.64,permitted
TR KSI,l BZK,KRO,NY32,GKXL,improbable,improbable,no,no,always,no,yes,no,stormy,0.29,denied
PB RIR,u NTE,WHT,GS05,TIVS,improbable,improbable,yes,yes,never,no,no,yes,sunny,0.97,permitted
WS ZCT,g WKF,ORG,KF95,VNYY,improbable,improbable,yes,no,always,yes,yes,yes,rainy,0.64,denied
VD VYS,g VQO,PAH,JT13,TNMF,probable,improbable,no,yes,never,yes,yes,no,rainy,0.76,permitted
AG KGA,a NFF,CMI,HC82,KGWA,probable,improbable,yes,yes,always,yes,no,no,stormy,0.95,permitted
RT HUN,w TGR,BHP,IN12,CQRG,improbable,probable,yes,no,never,no,no,no,rainy,0.77,permitted
YJ DJY,c VIR,ZYB,IS91,NSGQ,improbable,improbable,yes,yes,never,yes,yes,yes,rainy,0.8,denied
OD SYQ,h PTS,UDF,SE09,JFFO,improbable,probable,yes,no,always,no,yes,yes,rainy,0.25,permitted
WL BHO,a SYS,NCP,MX15,SYPQ,improbable,improbable,yes,yes,always,no,yes,no,stormy,0.85,permitted
SB EOV,d BWD,SEW,IN81,IKZA,probable,improbable,no,yes,sometimes,no,yes,no,rainy,0.37,permitted
VB BHO,c LXL,ORN,OJ11,VAJM,improbable,improbable,yes,no,always,yes,yes,yes,stormy,0.69,permitted
TK KXS,n NIW,YFB,AH18,BVIT,improbable,improbable,no,no,sometimes,no,no,yes,sunny,0.84,permitted
YS OTJ,m FSM,DKR,UR39,KRBK,probable,probable,yes,no,never,no,no,no,stormy,0.7,permitted
MM IBM,v IOX,XHZ,WO54,KYAN,probable,improbable,yes,no,always,yes,yes,no,sunny,0.14,denied
RV IPW,i APF,TRQ,CJ57,RJXC,improbable,improbable,yes,yes,never,no,yes,no,sunny,0.69,permitted
BB YJT,k HRS,ACO,XG04,XWJO,improbable,improbable,no,yes,sometimes,yes,yes,yes,stormy,0.64,permitted
XO KCI,e FXI,ECF,OI17,AUPL,probable,improbable,yes,no,never,yes,no,yes,cloudy,0.45,permitted
IE XRL,z TVT,GZQ,SF74,GCNC,improbable,improbable,no,no,sometimes,no,yes,yes,windy,0.61,permitted
XF ZHG,f SBL,CDF,DO02,FAIT,improbable,improbable,no,yes,always,yes,no,yes,rainy,0.83,permitted
RG VMS,p DWI,QJR,UU30,YEZQ,probable,probable,no,yes,never,no,yes,no,stormy,0.25,permitted
VT PWV,s KWS,EDO,LA47,UEMS,probable,improbable,no,yes,never,no,no,no,stormy,0.9,permitted
QK KVR,b LBO,HDK,QH94,HKBU,probable,probable,yes,yes,sometimes,no,no,yes,sunny,0.63,permitted
VS VZO,m KQD,VDT,OQ04,HZNE,improbable,improbable,yes,yes,sometimes,yes,yes,no,cloudy,0.14,permitted
XT LPM,p KKB,ANT,ST07,HMZM,improbable,probable,yes,yes,never,yes,yes,no,windy,0.9,permitted
others,vip,normal,a1,peak,probable,probable,no,yes,never,no,no,no,windy,0.94,permitted
JL UHN,l VNP,FHK,KW43,PDVZ,probable,improbable,no,no,never,no,no,no,windy,0.14,permitted
ES TRM,z HNR,ZKI,YP77,DQGC,probable,improbable,yes,no,sometimes,yes,yes,no,stormy,0.97,permitted
DY NKF,n ZPB,CZD,YM26,ZUMT,improbable,improbable,yes,yes,sometimes,yes,yes,yes,rainy,0.13,permitted
CP KOX,y BEQ,XPD,KG87,FOVV,improbable,probable,yes,no,never,no,no,yes,cloudy,0.52,permitted
YP FPE,j SWJ,QJX,XW27,PHNN,probable,probable,no,yes,sometimes,no,no,no,rainy,0.92,denied
BG YHZ,x UPU,GHA,HC11,ETBS,improbable,probable,no,no,sometimes,yes,yes,no,sunny,0.08,permitted
YK EKB,n QGS,BXC,DS27,LANL,probable,improbable,yes,no,never,yes,yes,yes,windy,0.2,permitted
PX ZEW,a JAM,JCV,ZL81,CLUY,improbable,improbable,no,no,sometimes,no,no,no,sunny,0.94,permitted
BV PLM,p DPG,KLK,FB87,OEBL,probable,probable,yes,no,never,yes,yes,no,stormy,0.54,permitted
SX JDK,o LWP,NFK,ZG76,EPDK,probable,probable,no,yes,sometimes,yes,no,yes,rainy,0.44,permitted
caraccess,blacklisted,luxe,a2,off,improbable,improbable,yes,no,always,yes,no,yes,rainy,0.48,denied
FQ WVU,n CBW,BHE,ZJ26,DURK,probable,improbable,no,no,always,no,no,yes,rainy,0.94,permitted
TZ NEA,s HKU,PCE,OL52,FICP,probable,improbable,no,yes,never,yes,yes,no,cloudy,0.39,permitted
UE IBF,h EVH,MJO,YW90,PALM,probable,improbable,no,no,never,yes,no,yes,sunny,0.43,permitted
YX LCG,s UEI,LJB,CC43,MKVV,improbable,probable,yes,no,sometimes,no,no,no,windy,0.3,permitted
NW MCG,t ZXM,LXP,KO68,HWLN,improbable,probable,yes,no,always,no,no,no,sunny,0.41,permitted
OU CXY,u NMA,YAE,VX80,STKQ,probable,improbable,no,yes,always,no,no,yes,rainy,0.67,permitted
GJ TIP,z KGW,AVZ,IC64,DVKK,improbable,probable,no,yes,always,no,yes,yes,windy,0.99,permitted
HM NSY,z UJX,FNZ,PU64,JBOV,probable,probable,yes,no,never,yes,yes,yes,stormy,0.15,permitted
IU QLQ,n TSI,KEU,KQ07,TTJL,improbable,probable,yes,yes,never,no,yes,yes,sunny,0.08,permitted
RX ANC,j BQH,RGO,IT92,ZGBL,improbable,probable,yes,no,never,yes,no,no,windy,0.59,permitted
WI PFQ,p JVX,HGS,GU60,GGDI,probable,improbable,yes,no,always,yes,no,yes,windy,0.29,permitted
GQ DQX,h MSG,SUV,OJ90,URCS,improbable,improbable,no,yes,always,yes,no,yes,rainy,0.23,permitted
others,blacklisted,normal,a1,peak,probable,probable,no,no,never,no,yes,yes,rainy,0.98,denied
YU GCF,v QME,AIP,WM77,BCDJ,improbable,probable,yes,no,always,yes,no,no,rainy,0.67,permitted
EA SBM,j AHE,UXS,JJ17,YQSB,improbable,probable,yes,no,sometimes,no,yes,yes,stormy,0.43,permitted
RX XNF,r ICA,ZNV,GG67,VBFF,probable,improbable,yes,no,always,no,yes,yes,stormy,0.46,permitted
NR KQX,r UDU,JPT,OB13,CHEM,probable,probable,yes,no,sometimes,no,no,yes,cloudy,0.47,denied
EN LEE,a KKC,SQN,IA02,FZVX,probable,improbable,yes,no,sometimes,no,yes,no,stormy,0.51,permitted
HK POV,x QPD,CTS,XO07,SPTS,probable,improbable,no,no,never,yes,no,yes,windy,0.48,permitted
partner,vip,luxe,a3,peak,improbable,improbable,yes,yes,sometimes,no,no,no,rainy,0.64,permitted
WG BWJ,p JQH,SMA,OA50,KBCB,probable,probable,no,yes,sometimes,no,no,yes,cloudy,0.25,permitted
BA ORN,h BJS,DPY,JG54,LNHZ,improbable,probable,no,no,sometimes,yes,yes,no,windy,0.69,permitted
FK HOL,p LSB,YUI,GV85,GKJS,improbable,probable,no,no,always,yes,no,yes,windy,0.83,denied
HU LUX,z ZMC,OOV,PF40,ZSAJ,improbable,probable,yes,no,sometimes,yes,yes,no,sunny,0.56,permitted
RL ULJ,k XSQ,FLY,XA23,RIYU,improbable,improbable,no,yes,never,yes,yes,no,sunny,0.89,permitted
YB OCM,h DNC,AKH,CY08,XDMW,probable,improbable,yes,yes,sometimes,yes,no,yes,sunny,0.43,permitted
EV FGS,q IUR,JXR,ET06,QNAS,probable,improbable,no,no,sometimes,yes,no,yes,stormy,0.52,permitted
YI EQC,c CEG,OKV,IO35,ZNAQ,improbable,improbable,yes,yes,always,yes,yes,yes,stormy,0.11,permitted
HO PSD,r VMT,OMN,WH90,XQWT,probable,improbable,no,yes,never,yes,no,yes,windy,0.41,permitted
ZF MHS,i VLR,MPX,TJ80,TPUK,improbable,improbable,no,yes,never,yes,no,yes,cloudy,0.02,permitted
GQ TKQ,x PGQ,YFD,YU53,THJB,probable,probable,no,no,sometimes,yes,no,yes,rainy,0.24,permitted
WT NXR,k LLL,OXV,KI79,INOX,improbable,probable,yes,yes,sometimes,yes,yes,yes,windy,0.04,permitted
EI QSX,m BGY,BWY,ZN55,RJBP,improbable,probable,yes,no,never,yes,yes,no,cloudy,0.6,permitted
UR ULH,a DOB,RIA,BO55,MOWQ,probable,probable,no,yes,never,yes,yes,yes,sunny,0.18,permitted
TR CCJ,k VKW,GWN,JM84,ZSNA,probable,probable,no,yes,always,yes,no,yes,rainy,0.59,permitted
ID OKC,b DSM,BOV,HI15,KUTQ,probable,improbable,yes,no,sometimes,no,yes,yes,sunny,0.53,permitted
VU GOI,y MXJ,PIC,JT83,DEQQ,probable,improbable,yes,yes,sometimes,no,no,yes,sunny,0.82,permitted
GM ITD,t VWG,HPM,PA96,LVOE,improbable,probable,yes,yes,always,no,no,no,cloudy,0.92,permitted
WP QEU,t DFT,XRV,ZL53,NFXJ,probable,improbable,no,no,never,no,yes,no,cloudy,0.46,permitted
CN ADM,c JQV,VAO,EK08,ISRD,probable,improbable,no,no,always,no,no,no,rainy,0.47,denied
US GXI,l NEK,AMG,JX67,MSYX,probable,improbable,yes,yes,never,yes,no,no,sunny,0.96,permitted
CB LKV,h NHR,GGW,GM64,FGLV,probable,improbable,no,yes,always,yes,yes,no,stormy,0.09,permitted
police,blacklisted,luxe,a3,off,improbable,improbable,yes,no,always,yes,yes,no,cloudy,0.01,denied
DD QTG,b KUB,PSH,HN48,QMNQ,improbable,improbable,yes,no,always,no,yes,yes,sunny,0.74,permitted
caraccess,vip,normal,a1,off,probable,probable,no,yes,never,yes,no,yes,stormy,0.33,permitted
ZC AVI,g YJH,NUA,DE03,ROVY,improbable,improbable,yes,no,always,no,no,yes,windy,0.8,denied
MS DJJ,p HXR,MRG,IQ66,VMLT,probable,improbable,no,no,always,yes,yes,no,cloudy,0.13,denied
others,blacklisted,normal,a3,off,probable,probable,yes,yes,never,yes,yes,yes,sunny,0.22,denied
MF OJF,d KJF,PJT,AA36,KTTS,improbable,probable,yes,no,sometimes,yes,no,no,stormy,0.48,permitted
CF JRP,p ZZQ,RLH,BN51,UDNU,improbable,probable,yes,yes,sometimes,yes,no,yes,cloudy,0.36,permitted
FC QKF,n HOQ,RSS,ST36,ZXXB,probable,probable,yes,yes,sometimes,yes,yes,no,sunny,1.0,permitted
PU DLR,e QRL,XVN,QJ19,BLDF,probable,probable,yes,no,never,yes,no,yes,windy,0.4,permitted
OE XYV,k TXB,QDS,PZ82,RCWB,improbable,improbable,no,yes,sometimes,yes,no,yes,stormy,0.28,permitted
LS DQZ,t MOY,BAI,BF67,RAIY,improbable,improbable,yes,no,always,no,no,no,sunny,0.47,permitted
YT OWK,e LIT,YBJ,WL51,ZSGG,probable,probable,yes,yes,always,yes,yes,yes,cloudy,0.65,permitted
caraccess,vip,luxe,a3,peak,improbable,improbable,yes,no,always,yes,no,no,stormy,0.66,permitted
OF VRY,l SLX,TME,KD69,RHKI,probable,improbable,no,yes,never,no,yes,no,rainy,0.96,permitted
LO XOM,w KZN,EYM,UV99,CHQT,probable,probable,yes,yes,never,no,no,yes,windy,0.67,permitted
GH RFR,o PPA,RXU,WZ84,FRZA,improbable,probable,yes,no,sometimes,no,no,yes,rainy,0.53,permitted
others,blacklisted,normal,a3,peak,improbable,probable,no,yes,sometimes,yes,no,no,stormy,0.2,denied
AT ESV,h IJL,RGO,LV39,HTOQ,improbable,probable,yes,yes,never,yes,yes,no,rainy,0.22,permitted
JP WHS,t EHS,TPL,WU27,UHFY,probable,probable,yes,yes,sometimes,yes,yes,no,rainy,0.21,denied
KU NWX,z XSO,HIN,PX44,ROJR,probable,probable,no,yes,always,no,no,yes,stormy,0.69,permitted
others,blacklisted,normal,a2,peak,probable,improbable,no,yes,never,yes,no,no,sunny,0.08,denied
DU JLB,c CHQ,TPU,SV95,IZHJ,probable,improbable,no,no,always,no,no,no,sunny,0.31,permitted
KW GHU,g SDM,ODZ,JU20,DARL,improbable,probable,no,no,never,yes,no,yes,cloudy,0.35,permitted
TA AVM,j AHH,MAF,LD15,OROD,improbable,improbable,no,no,sometimes,no,yes,no,sunny,0.39,permitted
BA MBO,w ZTJ,OMK,EO29,JXJG,improbable,probable,yes,no,always,no,no,yes,stormy,0.12,permitted
IV SOZ,b SHV,OZX,NI72,OCAV,improbable,improbable,no,yes,always,yes,yes,no,rainy,0.59,permitted
GG ITH,b JCB,QAY,GX98,KQNQ,probable,probable,no,yes,sometimes,yes,no,yes,sunny,0.46,denied
BP ARI,k DZL,IBA,PY91,NFJN,probable,improbable,no,yes,always,no,yes,no,stormy,0.86,permitted
PL HJJ,o BSA,AER,LO84,BJFR,probable,probable,yes,yes,always,no,no,yes,stormy,0.04,permitted
TR FWK,s RNN,YJO,EU38,IAYN,probable,improbable,no,no,sometimes,yes,no,no,sunny,0.62,denied
XV GBD,z AAZ,CWJ,OE89,VKIH,probable,probable,yes,yes,never,no,yes,no,rainy,0.11,permitted
EX NNG,c FVQ,NTS,KT11,PUUA,improbable,probable,no,yes,always,yes,yes,no,windy,0.69,permitted
SU LWO,a XZT,EXD,TS26,PPHV,probable,probable,no,no,never,no,yes,no,rainy,0.72,permitted
FZ TYE,l FOA,PKP,WK37,BSJZ,probable,probable,no,no,never,no,no,no,sunny,0.52,permitted
partner,vip,luxe,a3,off,improbable,improbable,yes,no,always,no,yes,yes,rainy,0.8,permitted
QF AGP,f XJS,CIJ,MM00,KLRL,probable,probable,no,yes,sometimes,yes,yes,yes,cloudy,0.33,permitted
MD YDE,k OMS,NUZ,NT46,XOHD,probable,probable,no,yes,sometimes,no,yes,no,cloudy,0.84,permitted
UD VUM,v TMX,IMN,DB04,MFAD,improbable,probable,yes,no,never,no,yes,yes,rainy,0.57,permitted
BL HOU,f CUX,PWT,KX80,FZXN,improbable,probable,no,yes,never,yes,yes,yes,windy,0.05,permitted
SN NXZ,v QUV,WAW,TK83,REAV,improbable,probable,no,no,sometimes,yes,yes,yes,sunny,0.51,permitted
partner,normal,luxe,a2,off,improbable,improbable,no,no,always,no,yes,yes,cloudy,0.87,permitted
HC ECV,e XWT,NJP,VV68,TMZR,probable,improbable,no,yes,never,yes,no,yes,stormy,0.57,permitted
OX KFM,x MKC,GWP,NG45,VDQP,probable,improbable,yes,no,sometimes,yes,yes,yes,rainy,0.87,denied
RE BHL,z XJV,JOG,MD18,ZXUN,improbable,probable,no,yes,never,yes,no,no,cloudy,0.87,permitted
ZU IXW,h TAH,ULJ,YK27,LMEJ,probable,probable,no,yes,always,no,no,no,windy,0.75,denied
ZM GUW,m ZJB,MXD,IZ17,CITQ,improbable,probable,yes,yes,always,no,no,no,cloudy,0.21,permitted
CB MIK,i HBR,YMK,ZZ27,EKSP,probable,probable,no,no,always,no,yes,no,cloudy,0.93,permitted
RJ MSU,e KES,SCO,BC07,ZJCY,improbable,improbable,no,yes,always,no,no,yes,cloudy,0.68,permitted
QY FRH,t RPV,JOL,RZ46,FRNQ,improbable,probable,yes,yes,sometimes,yes,no,yes,stormy,0.45,permitted
NJ ZVE,x QRY,QBS,TV74,SXPA,probable,improbable,no,no,never,yes,yes,yes,rainy,0.01,denied
AZ SKM,u YDN,XNA,XS12,BBDA,improbable,probable,yes,no,sometimes,yes,no,yes,stormy,0.34,permitted
LW VIY,d YXM,ZZA,RZ15,XMDO,probable,probable,no,no,sometimes,yes,no,no,cloudy,0.14,denied
HZ KEP,t BFG,IBA,GK83,NCOX,probable,probable,no,no,always,yes,yes,no,rainy,0.5,permitted
JN QOL,x FID,MKQ,TP83,DLCH,improbable,improbable,yes,no,always,yes,no,no,cloudy,0.48,permitted
GD RYN,v YWO,BSF,SY98,FHXV,improbable,improbable,no,yes,never,yes,no,no,cloudy,0.64,permitted
ZY OUF,s FKU,MOC,ZB43,NKKG,probable,probable,yes,no,never,yes,yes,yes,rainy,0.14,permitted
OH DNN,i DNR,PBV,KS68,BMBM,improbable,probable,no,yes,sometimes,yes,no,yes,rainy,0.79,permitted
BB UGF,y WZV,XTI,PH92,FBIE,probable,probable,yes,yes,always,yes,yes,yes,cloudy,0.27,permitted
KD VRF,n BFE,VGN,KB02,SFTD,probable,improbable,yes,no,always,no,yes,yes,cloudy,0.28,denied
KX HQZ,d FNQ,TRH,RT88,MWLP,improbable,probable,yes,no,sometimes,yes,yes,yes,rainy,0.11,permitted
FE VRV,v BDV,NDZ,GT21,TCIN,improbable,improbable,yes,yes,always,no,yes,yes,stormy,0.51,permitted
SZ KPO,h TAF,QYL,CI27,QNXU,improbable,probable,yes,no,always,no,no,no,sunny,0.11,denied
JF VJS,b NEE,UZU,BT40,ZLJV,probable,improbable,no,no,sometimes,no,no,no,windy,0.45,permitted
KL ONG,z NPE,XOX,DE14,FNMI,probable,improbable,no,yes,sometimes,no,no,no,stormy,0.82,permitted
UT AHY,o FRA,GXC,XQ21,MSIA,probable,improbable,yes,no,never,yes,yes,yes,stormy,0.49,permitted
DI XMC,h SPS,SJE,NX15,AUUY,improbable,improbable,yes,no,never,no,no,yes,windy,0.61,permitted
others,blacklisted,normal,a1,off,probable,improbable,no,yes,sometimes,yes,yes,no,rainy,0.59,denied
CS QEP,q PLK,QIX,ZT91,QSYP,improbable,improbable,yes,yes,never,no,yes,no,rainy,0.79,permitted
TO UDI,x QDA,OHQ,JB91,OAFI,improbable,improbable,yes,no,sometimes,yes,yes,yes,sunny,0.98,permitted
AG JMY,x KGG,VUO,EW19,YKIK,improbable,probable,yes,yes,sometimes,no,no,no,cloudy,0.13,permitted
GG VXU,k TAV,VMA,AQ53,VCLI,improbable,improbable,yes,yes,sometimes,yes,no,no,rainy,0.69,permitted
UD DGA,i NYY,KLI,ZZ84,KIRR,probable,improbable,yes,yes,always,no,yes,no,cloudy,0.4,denied
ZG AEV,e DFH,QRO,FX96,NBRB,improbable,improbable,yes,yes,never,no,no,no,sunny,0.83,permitted
RQ ZMY,j BUZ,PWQ,DZ29,JVTN,probable,improbable,yes,no,sometimes,no,no,yes,stormy,0.95,permitted
MQ PGD,y IRM,FUG,TJ85,PTEL,probable,improbable,no,yes,never,yes,no,yes,windy,0.59,permitted
TL YQN,e YEX,WZQ,YJ65,NQPZ,improbable,probable,yes,yes,always,no,yes,no,stormy,0.45,permitted
GC ZRS,m BWS,DJR,UP22,DFLP,improbable,improbable,no,yes,sometimes,no,yes,yes,cloudy,0.88,permitted
PA OQE,p QEG,HTR,OL63,WQIO,probable,probable,yes,no,sometimes,yes,yes,no,cloudy,0.39,permitted
PX AEN,z QZJ,GCI,SK15,SYHH,improbable,improbable,no,no,always,no,no,no,rainy,0.19,permitted
HB TVS,b ORT,RMJ,JB18,HCKI,improbable,improbable,yes,no,never,yes,yes,no,windy,0.53,permitted
QE GKA,o SAI,XES,HV49,WMQE,probable,probable,no,yes,always,yes,no,no,sunny,0.89,permitted
CL IOP,n HDC,QSQ,ST68,DLUC,improbable,probable,yes,yes,always,no,no,no,windy,0.1,permitted
DT NBS,s LHH,GHS,EP04,VEKI,probable,improbable,yes,no,never,no,yes,yes,sunny,0.05,permitted
caraccess,blacklisted,luxe,a2,peak,improbable,improbable,yes,no,sometimes,yes,no,yes,rainy,0.85,denied
MB FUZ,t BMT,TCN,ZB25,DQPR,improbable,improbable,no,no,sometimes,no,no,yes,stormy,0.91,permitted
XM XBM,h NUF,GJT,JV20,HZIJ,improbable,probable,yes,yes,always,no,no,yes,sunny,0.64,permitted
WX AEQ,n KMS,BLN,SF85,ZTYO,probable,improbable,yes,no,sometimes,yes,no,no,stormy,0.69,permitted
partner,blacklisted,luxe,a3,peak,improbable,improbable,yes,no,always,no,yes,no,stormy,0.47,denied
others,vip,normal,a2,off,probable,probable,no,yes,sometimes,yes,yes,no,cloudy,0.19,denied
UB LJV,h HUR,OBZ,IR38,SBFB,probable,improbable,yes,no,sometimes,yes,no,yes,rainy,0.14,permitted
ZT TNA,w MKU,UNN,AM08,JLWO,probable,probable,no,no,sometimes,yes,yes,no,rainy,0.61,permitted
FD HDS,j CXN,EAV,JH97,DCAD,improbable,probable,yes,no,never,yes,no,no,stormy,0.38,permitted
others,normal,luxe,a2,off,improbable,probable,yes,no,sometimes,no,yes,yes,cloudy,0.07,permitted
SJ EJY,x LQY,RKZ,QQ57,FHST,improbable,improbable,yes,yes,sometimes,yes,yes,no,sunny,0.31,permitted
BH CBR,t YDD,RNP,TE56,LVXD,improbable,probable,yes,yes,sometimes,yes,no,no,windy,0.07,permitted
YE HIZ,t AAB,QTM,JZ10,NGMZ,probable,probable,yes,yes,never,yes,yes,yes,cloudy,0.99,permitted
TV FBR,t QWE,CLK,YV84,HVJQ,probable,improbable,no,no,never,yes,no,yes,sunny,0.86,permitted
YD WAG,c VHJ,HZJ,FW09,PTPO,improbable,probable,yes,no,sometimes,yes,no,yes,windy,0.41,denied
police,blacklisted,normal,a1,peak,probable,probable,no,yes,never,no,yes,no,windy,0.28,denied
MP MYW,t NSM,KXY,AP23,OFVN,probable,probable,no,no,sometimes,yes,no,yes,windy,0.84,permitted
CZ NOA,r YLT,WGV,WW33,SCZE,improbable,improbable,no,no,always,no,yes,no,rainy,0.98,permitted
DT VKC,i GCK,WZR,UK36,QYAQ,improbable,probable,yes,yes,never,yes,yes,no,stormy,0.82,permitted
NF ZGQ,u JOY,SEI,FO63,GEBM,improbable,improbable,yes,yes,always,no,yes,no,rainy,0.75,denied
GV EKH,p LFK,NEZ,XA39,TZHS,probable,improbable,no,no,always,no,no,yes,sunny,0.25,permitted
IU VWD,a YCO,LVU,LJ83,KPJB,improbable,improbable,no,yes,sometimes,yes,no,no,sunny,0.34,permitted
RQ EEV,d WXX,CFL,DU24,CIAA,improbable,probable,yes,yes,never,yes,no,yes,rainy,0.96,permitted
partner,vip,normal,a1,peak,probable,probable,no,yes,never,yes,yes,no,windy,0.89,permitted
VZ POO,z BTL,WPV,NJ41,LCEH,probable,improbable,no,yes,always,no,no,no,rainy,0.27,permitted
IP WVW,j FQA,IRE,TV47,DLBA,probable,probable,no,no,always,no,no,no,stormy,0.79,permitted
FV JEE,v OZZ,RAT,TI47,IAUV,improbable,probable,no,no,sometimes,no,yes,yes,cloudy,0.58,permitted
QL ZHV,b QRF,XCL,AN11,NFVH,improbable,improbable,no,yes,sometimes,no,yes,yes,rainy,0.95,permitted
TJ PLX,y XTH,BZT,JZ56,VJNP,improbable,probable,yes,no,never,yes,yes,no,cloudy,0.46,permitted
YL GNA,o HZT,AKA,DG63,OOXV,probable,probable,yes,no,always,no,no,yes,cloudy,0.27,denied
JH ILL,n CJD,SZL,KI82,VSLJ,probable,probable,no,yes,always,no,yes,no,sunny,0.82,permitted
DK TNT,p IRH,SAA,NX38,LKSR,improbable,improbable,no,yes,sometimes,no,no,yes,sunny,0.7,permitted
YZ URX,y RND,ENF,QI95,PSIM,improbable,improbable,yes,no,never,no,yes,yes,cloudy,0.41,permitted
BD OTD,l MGI,EWX,RU18,IUTV,improbable,probable,yes,no,sometimes,yes,no,yes,stormy,0.8,permitted
others,blacklisted,luxe,a3,off,improbable,improbable,no,no,sometimes,no,no,no,cloudy,0.77,denied
KN YAT,r LRZ,ZGU,FS24,RXGY,improbable,probable,no,yes,sometimes,no,yes,yes,rainy,0.69,denied
partner,blacklisted,luxe,a2,off,improbable,probable,no,no,always,yes,yes,no,sunny,0.55,denied
YR TQZ,u RIU,OUZ,XV82,YPDO,improbable,probable,yes,no,never,no,no,no,cloudy,0.22,permitted
KA SNV,n LQA,NMC,SQ51,VDGB,probable,probable,no,no,sometimes,yes,no,yes,rainy,0.57,permitted
WI JIS,j DYL,PIH,LO52,JADD,improbable,improbable,no,no,always,yes,yes,yes,stormy,0.32,denied
QL OTV,l DGL,OPP,JZ48,ADBY,improbable,probable,yes,no,never,no,yes,no,cloudy,0.61,permitted
others,vip,normal,a3,off,probable,probable,no,yes,never,yes,yes,no,windy,0.95,permitted
partner,blacklisted,normal,a3,peak,probable,improbable,yes,no,never,yes,no,yes,windy,0.6,denied
caraccess,normal,luxe,a2,peak,improbable,improbable,no,no,always,no,no,no,rainy,0.75,permitted
JC TLQ,s EHE,XQW,XF43,HWIZ,improbable,improbable,yes,yes,sometimes,yes,yes,no,sunny,0.47,permitted
DP VYT,j SHK,KQE,NX56,BSFD,improbable,probable,no,yes,sometimes,yes,no,yes,sunny,0.31,denied
NU NCC,c GLE,POJ,AL92,MQQS,improbable,improbable,no,yes,always,yes,yes,yes,sunny,0.4,denied
PC AZX,g YKO,HBB,GN16,CFFP,probable,probable,no,yes,always,no,yes,yes,stormy,0.34,permitted
PR RRW,j KRK,YKU,EJ66,OJAV,probable,improbable,yes,no,never,yes,no,no,rainy,0.75,permitted
LY VUP,m FFL,CBE,ZE14,GEUC,improbable,improbable,no,yes,sometimes,yes,yes,yes,windy,0.2,permitted
VG EIQ,v NYT,VQG,CU92,YCYY,probable,improbable,no,yes,always,no,no,yes,stormy,0.62,permitted
JP PHU,u ABC,IIY,GK85,BVMR,improbable,probable,no,no,always,no,yes,yes,cloudy,0.66,denied
BP QYJ,q TGV,FWY,EU73,EWSA,probable,probable,no,no,sometimes,yes,yes,no,stormy,0.78,permitted
YJ GKE,v CSV,OVZ,OY73,CPHE,probable,improbable,yes,no,always,yes,yes,no,stormy,0.9,permitted
caraccess,blacklisted,normal,a3,peak,probable,improbable,yes,yes,never,yes,no,yes,cloudy,0.54,denied
XF JIA,u EXX,MEH,YC70,WNJO,probable,improbable,yes,yes,never,yes,no,yes,sunny,0.61,permitted
others,vip,luxe,a2,off,improbable,probable,yes,no,always,no,yes,no,windy,0.03,permitted
NE JCU,e GNX,KSF,GQ37,OBCV,improbable,improbable,yes,yes,always,yes,yes,yes,rainy,0.16,permitted
FK EQB,s QZB,WIN,JS46,TCHT,improbable,improbable,no,yes,always,yes,no,no,rainy,0.11,permitted
KU FBP,k SWA,KUQ,FI06,ZPEN,improbable,probable,no,yes,sometimes,yes,no,yes,rainy,0.55,permitted
CI NJD,b AKB,GTI,KS80,IOTW,probable,probable,no,no,sometimes,no,yes,yes,windy,0.06,permitted
UK ELG,p SPU,IPS,TA55,QRUF,probable,probable,no,yes,always,yes,yes,no,stormy,0.25,permitted
ZG ZOS,n MFE,BAK,LW47,YUCI,probable,improbable,yes,yes,never,yes,yes,yes,rainy,0.55,permitted
WC PPV,u JZS,JWJ,VR94,OMDE,probable,improbable,yes,yes,always,yes,no,no,cloudy,0.07,permitted
CC SBD,f GNE,FJT,WQ92,EVKJ,improbable,probable,yes,no,sometimes,yes,yes,yes,windy,0.65,permitted
GW FCO,e DXL,SJS,DK11,IAPP,improbable,probable,no,yes,never,no,no,yes,windy,0.9,permitted
NM DVW,a BNZ,LJW,VM10,TPTT,probable,probable,no,no,always,no,yes,yes,windy,0.77,permitted
UN BMU,u NQU,CKE,SC42,FJCX,improbable,improbable,no,no,sometimes,no,yes,no,stormy,0.83,permitted
YA DQH,n HOH,QAP,UQ14,XVHU,probable,probable,no,yes,always,yes,no,no,windy,0.87,permitted
UG LTF,a YAB,VIY,CX06,AYKY,probable,probable,yes,yes,always,no,yes,yes,windy,0.44,permitted
caraccess,vip,luxe,a1,peak,improbable,improbable,yes,no,always,yes,yes,no,windy,0.7,denied
BS PCL,i COH,PKC,SH64,RGGD,improbable,probable,no,yes,never,yes,yes,yes,rainy,0.14,permitted
IL LNL,r IBX,OKM,AL97,MIJK,improbable,probable,yes,yes,always,yes,yes,no,sunny,0.68,permitted
caraccess,blacklisted,luxe,a3,off,improbable,improbable,yes,yes,always,yes,no,no,sunny,0.21,denied
KV VKJ,h FRQ,RPW,DF77,CWHP,improbable,improbable,no,no,never,yes,yes,no,rainy,0.06,permitted
caraccess,vip,normal,a3,peak,probable,probable,no,yes,never,no,yes,no,sunny,0.09,permitted
OE AKV,h HEM,NBF,ZD29,LNLP,improbable,improbable,yes,yes,sometimes,no,no,yes,rainy,0.33,permitted
XQ TIY,p SMW,ZPQ,ZG15,PVNE,improbable,improbable,no,no,never,no,no,no,rainy,0.42,denied
RB SUY,z MXV,HGN,BL45,GRUM,probable,improbable,no,yes,always,no,yes,yes,stormy,0.36,permitted
XL DCU,y VWF,JMI,QQ33,VZWF,improbable,improbable,yes,no,never,no,yes,yes,stormy,0.35,denied
caraccess,normal,luxe,a2,off,improbable,improbable,yes,no,always,no,yes,no,rainy,0.46,permitted
YK LVQ,k TLS,NXL,DY18,PIKG,probable,improbable,yes,no,never,no,yes,yes,windy,0.48,permitted
PZ REQ,t RVN,QUT,SN15,DVYT,improbable,probable,no,yes,sometimes,no,no,no,sunny,0.56,permitted
LV UCI,c YIQ,GIB,YP48,YPTC,improbable,probable,yes,yes,sometimes,yes,no,yes,windy,0.34,permitted
YB DNE,d BMB,BMD,OV83,QNCO,improbable,probable,no,no,always,yes,yes,no,windy,0.02,permitted
QQ UKZ,i SHJ,FGA,AM31,DFBN,improbable,probable,no,no,always,no,yes,no,sunny,0.7,permitted
GO NRT,g EIZ,IGJ,MO09,XNDT,improbable,improbable,yes,yes,always,no,no,yes,windy,0.29,permitted
GK GGK,d UGL,QAT,QQ06,SKYH,improbable,probable,yes,no,always,no,no,yes,stormy,0.85,permitted
others,vip,luxe,a3,peak,improbable,improbable,yes,no,always,no,yes,no,sunny,0.93,permitted
GJ NHS,u CAG,ILM,FC61,JRNJ,probable,probable,no,no,never,no,yes,no,stormy,0.73,permitted
IJ UIX,a DWZ,PCB,RI88,NZCS,probable,probable,yes,no,never,yes,yes,no,cloudy,0.88,denied
HS YBR,u LFP,UPG,HZ18,PBIE,probable,probable,yes,yes,always,yes,yes,yes,rainy,0.28,permitted
YV LKM,q KQW,VQH,LK24,BVIA,improbable,probable,no,no,always,no,no,no,sunny,1.0,permitted
partner,blacklisted,luxe,a1,peak,improbable,improbable,yes,no,always,no,yes,yes,sunny,0.86,denied
JS LFO,o FUN,KSY,PK70,CMWW,probable,improbable,yes,no,always,yes,no,yes,rainy,0.37,permitted
ZO VML,u VUL,QIZ,NY48,QUNJ,probable,probable,yes,no,always,yes,no,yes,stormy,1.0,permitted
PI FYR,g VOG,SUJ,XR34,KJOY,improbable,probable,yes,no,sometimes,no,no,no,windy,0.35,permitted
RJ ZOB,w XGE,RZR,WJ08,CHBY,improbable,improbable,no,yes,always,yes,no,no,sunny,0.51,permitted
UK YDG,s VHF,UHS,XQ00,ROYR,improbable,improbable,yes,yes,sometimes,yes,no,yes,rainy,0.09,permitted
RU OGM,c CAK,RSB,DI67,BYZA,improbable,probable,yes,no,never,yes,no,no,rainy,0.78,permitted
police,blacklisted,luxe,a3,peak,improbable,improbable,no,no,always,yes,yes,no,windy,0.79,denied
HS NTB,h DUB,GAC,WR12,LQGF,improbable,probable,no,no,sometimes,no,no,no,cloudy,0.13,permitted
PO VMA,j ICK,PSQ,MW18,PBRP,improbable,improbable,no,no,always,no,yes,yes,stormy,0.38,denied
ZO YYY,g HAU,KRX,CF77,YHYI,improbable,probable,no,yes,always,no,yes,yes,stormy,0.87,permitted
police,normal,luxe,a2,peak,improbable,improbable,yes,yes,always,no,no,no,windy,0.89,permitted
IL IFL,n FRL,VYV,CX06,CZOO,probable,improbable,no,no,never,no,yes,yes,windy,0.4,permitted
JX XAZ,c SGZ,NPL,EO69,VIHA,probable,probable,yes,no,always,no,yes,yes,cloudy,0.51,permitted
QN OMD,i TIA,ASO,ZE09,ZVHR,improbable,probable,yes,no,never,yes,yes,yes,stormy,0.61,permitted
AO MJQ,r PHR,MIG,RO37,WZUZ,improbable,improbable,no,no,never,yes,no,yes,rainy,0.12,permitted
LX YGI,x JIF,AAH,TY57,FHYR,probable,improbable,yes,no,never,yes,no,no,rainy,0.78,permitted
police,vip,normal,a1,off,probable,improbable,no,yes,sometimes,no,no,yes,cloudy,0.46,permitted
XR ITE,s YIY,EAP,KD85,LGCU,improbable,improbable,no,no,sometimes,no,yes,no,windy,0.14,permitted
SB BXI,j KGQ,CXL,XM70,WQCZ,probable,probable,yes,yes,never,yes,yes,yes,sunny,0.76,permitted
RV USE,f FAB,BMM,JM58,TNHS,improbable,probable,no,no,always,yes,yes,no,rainy,0.28,permitted
SD GUU,v UDB,ACF,IS39,KANS,improbable,improbable,yes,yes,sometimes,yes,no,yes,stormy,0.67,permitted
caraccess,vip,luxe,a3,off,improbable,probable,yes,no,always,yes,yes,no,cloudy,0.68,permitted
CL FEV,j WOP,EBK,SU21,PFHL,improbable,improbable,no,no,never,no,yes,no,rainy,0.99,permitted
JI ELZ,t GQY,NAT,XP87,BHTB,improbable,improbable,yes,yes,sometimes,yes,yes,no,stormy,0.33,permitted
HA FLR,x EKD,HLV,VY47,LMCJ,probable,improbable,no,no,always,no,yes,no,sunny,0.48,permitted
RE RPC,p QLH,ACX,ES72,FJHT,probable,probable,yes,yes,sometimes,yes,no,yes,windy,0.76,permitted
FV XXO,n IJP,APC,TS01,DUPR,probable,probable,no,yes,always,yes,yes,yes,windy,0.34,permitted
IA GFZ,x MUA,GLH,LB08,QDDE,improbable,probable,yes,yes,sometimes,no,no,yes,windy,0.93,denied
CR JXW,w JKJ,IKK,CP05,GPCJ,probable,improbable,no,yes,never,no,yes,yes,cloudy,0.22,denied
US BJW,d IUD,EPX,DE73,BOVV,probable,probable,no,no,sometimes,no,yes,no,windy,0.96,permitted
VW VVJ,f VHD,KOA,VL02,EZDV,improbable,improbable,yes,no,always,yes,no,no,stormy,0.35,permitted
CP NQV,p QNL,FDV,VB03,YZMF,probable,improbable,yes,yes,always,no,yes,yes,stormy,0.34,permitted
TC STJ,v WBO,IHG,UE04,TNVE,improbable,improbable,no,yes,sometimes,yes,yes,yes,rainy,0.7,permitted
KM ENP,i IMQ,BTC,JS84,BPWL,improbable,probable,no,no,never,yes,no,yes,stormy,0.71,denied
DW NST,k UPP,PHI,EM85,IIUZ,probable,improbable,no,yes,always,no,no,yes,windy,0.18,permitted
IR PVN,x AUI,FIN,CM23,GMIJ,improbable,improbable,no,yes,sometimes,no,yes,no,sunny,0.11,denied
BO GXM,o EQP,SYX,EY11,CKHP,improbable,probable,no,no,always,yes,no,yes,windy,0.47,permitted
YJ IZP,a VSL,MEK,CQ01,BCVT,improbable,probable,yes,yes,always,no,no,yes,windy,0.31,permitted
QB BPL,o HGX,UJA,CA74,NZZK,improbable,improbable,no,yes,always,no,no,yes,windy,0.64,denied
PB XMG,b HVS,ZFF,KM34,WTHR,improbable,probable,no,no,sometimes,no,no,no,cloudy,0.77,permitted
SC MMT,b JCY,TGU,NF62,NSUQ,improbable,probable,yes,yes,never,no,no,yes,stormy,0.45,permitted
DO CJV,j AOZ,ASC,LF97,TFBJ,probable,improbable,no,no,always,yes,yes,yes,windy,0.3,permitted
TN YXX,f ZHR,POG,QI41,OIYR,improbable,improbable,no,yes,sometimes,yes,no,no,windy,0.04,permitted
AR FEG,h QHW,MYQ,AD68,FUIX,probable,improbable,no,yes,always,no,yes,yes,rainy,0.46,permitted
YI JUH,t ILD,EJI,PJ68,UQYF,improbable,improbable,yes,no,sometimes,yes,yes,no,windy,0.0,permitted
RB VTE,s SPC,LNJ,PU62,SYHX,improbable,improbable,no,yes,never,no,no,yes,cloudy,0.62,permitted
VX MPM,l HUI,GGE,ZB40,UDNI,probable,probable,yes,no,never,yes,no,yes,sunny,0.65,permitted
SG SCN,l JXH,NAZ,KB75,EKGD,probable,probable,yes,yes,always,yes,yes,yes,rainy,0.91,permitted
MI CUV,o RPS,SPX,UI19,YIWS,probable,improbable,yes,no,always,no,no,no,sunny,0.85,permitted
XT XYD,q MCI,VUT,HY75,HPWD,probable,improbable,no,yes,sometimes,no,yes,yes,rainy,0.95,permitted
EP YYZ,f BCW,GCY,MK83,ULWC,improbable,improbable,no,no,sometimes,yes,no,yes,stormy,0.59,permitted
TX IXF,z TWN,RPD,LK62,ZUCP,improbable,improbable,yes,no,never,yes,yes,yes,sunny,0.52,permitted
QU GPQ,j GKO,ENP,BV90,GLTT,improbable,probable,no,no,never,no,no,no,rainy,0.67,permitted
TN WWX,j POT,YPC,FP19,UXOR,improbable,probable,no,yes,sometimes,no,no,no,sunny,0.43,permitted
FL ELJ,g OUT,KUZ,PD59,FZYP,probable,improbable,no,no,sometimes,no,no,no,windy,0.23,permitted
VD MQB,y HSE,VAX,XZ51,BZJD,probable,probable,no,yes,always,no,no,no,windy,0.34,permitted
HY WZW,v FNL,YKU,DL27,MSAT,improbable,improbable,yes,yes,sometimes,yes,no,no,windy,0.0,permitted
EJ BRS,g DTY,IOA,KN07,RROT,probable,probable,no,no,sometimes,yes,yes,no,sunny,0.79,denied
JT JYO,g URP,FQZ,JC66,CGPC,improbable,probable,no,no,always,no,no,yes,windy,0.17,permitted
GO KBM,p RMG,ZLM,RL16,SGXL,probable,probable,yes,yes,never,no,no,yes,cloudy,0.85,permitted
DS BJF,s BGJ,EKD,MC72,XRCP,improbable,improbable,yes,no,always,yes,no,yes,cloudy,0.68,permitted
TZ ZPK,b MBK,WQV,QT79,EMPP,improbable,improbable,no,no,sometimes,no,no,no,stormy,0.04,permitted
FV MQI,w FMO,JIC,FS89,WZCG,improbable,improbable,yes,yes,never,no,yes,no,cloudy,0.46,permitted
AA XRG,l EWJ,LHC,ZD88,LIQO,probable,improbable,yes,no,always,yes,yes,no,cloudy,0.3,denied
FU KIJ,a JVH,GWK,YO30,LUJR,probable,probable,yes,yes,never,no,yes,no,stormy,0.04,permitted
LU RJT,l PTE,QDY,EX91,BJWF,probable,improbable,yes,no,always,yes,no,no,rainy,0.02,permitted
VE PJE,t JNM,JGJ,KE24,HCST,probable,probable,no,no,always,no,no,no,stormy,0.6,permitted
NF BFX,l WOV,HOV,ZQ72,OSFN,improbable,improbable,no,no,never,yes,yes,yes,stormy,0.44,permitted
police,blacklisted,normal,a3,off,probable,probable,no,no,never,yes,no,yes,sunny,1.0,denied
partner,blacklisted,luxe,a1,off,improbable,improbable,yes,no,always,no,yes,yes,sunny,0.5,denied
KP UHB,j GRZ,JJZ,WU66,SZHI,improbable,probable,no,yes,always,yes,no,no,rainy,0.01,permitted
MA KEC,f SKW,TTZ,CZ38,MYIW,improbable,improbable,yes,no,sometimes,yes,no,yes,windy,0.64,permitted
TM ETK,e XFR,OQA,ZZ66,DTQE,improbable,probable,yes,no,always,yes,no,no,sunny,0.32,permitted
ZF RVK,c ZAH,KTA,GW22,VXBI,probable,probable,yes,yes,never,no,yes,yes,sunny,0.91,permitted
SX YHW,w PFH,WSN,EY61,SCJN,improbable,probable,no,no,sometimes,yes,yes,no,windy,0.73,permitted
others,blacklisted,luxe,a3,peak,improbable,probable,yes,no,always,no,yes,yes,rainy,0.35,denied
NT SQF,p NXI,GTN,QO27,JSMH,probable,probable,no,yes,never,yes,yes,yes,rainy,0.02,permitted
SJ HSC,m ALP,LFP,RC86,GUCC,improbable,improbable,yes,no,sometimes,no,yes,yes,stormy,1.0,permitted
TI DJT,c FDD,XDO,NL86,VEJW,improbable,improbable,no,yes,sometimes,no,yes,no,rainy,0.82,denied
FU MQN,h QCH,VAE,NR95,VITA,probable,probable,yes,no,always,no,no,yes,stormy,0.18,permitted
police,vip,luxe,a3,off,improbable,probable,yes,no,always,yes,yes,yes,rainy,0.5,permitted
PW LRH,h LNK,HEY,EY24,UHRN,improbable,probable,yes,yes,sometimes,yes,yes,no,cloudy,0.4,permitted
TP UDE,b PSM,ROR,LA38,UTZM,improbable,improbable,no,no,sometimes,yes,yes,no,cloudy,0.42,permitted
ML RAG,x YJV,MDI,PK34,QGYK,probable,probable,yes,no,never,yes,yes,yes,stormy,0.25,permitted
LM WHJ,r ITJ,MTO,ST25,HWZZ,improbable,probable,no,no,never,no,yes,yes,sunny,0.55,permitted
partner,blacklisted,luxe,a3,off,improbable,improbable,yes,no,always,no,yes,no,cloudy,0.33,denied
RF OFX,p HEG,NOY,AO29,XMPD,probable,improbable,yes,no,always,yes,yes,yes,cloudy,0.77,permitted
FZ ZOV,s MTN,IVS,MJ63,UYRJ,probable,improbable,no,yes,never,no,yes,no,sunny,0.61,permitted
others,normal,normal,a3,off,probable,probable,no,yes,never,yes,no,no,stormy,0.32,permitted
TW QNW,w HXE,DLX,VC25,ZCBW,probable,probable,no,yes,always,yes,no,no,cloudy,0.78,permitted
MW EVG,j OWZ,SXS,UK73,ABEY,improbable,improbable,yes,yes,never,yes,no,no,stormy,0.94,permitted
HE GKM,j BVE,KKW,FO11,QEKZ,improbable,improbable,no,yes,never,yes,yes,yes,windy,0.43,denied
EV NYF,d AUN,TML,ID47,JZPC,probable,improbable,no,yes,always,no,no,yes,windy,0.03,denied
OZ IGM,g PYN,AWV,KO02,GZTO,probable,probable,no,yes,sometimes,yes,yes,no,sunny,0.6,permitted
FA MIV,n MKY,ERJ,SK94,SRCL,improbable,probable,no,yes,always,no,no,no,sunny,0.51,permitted
others,normal,luxe,a1,off,improbable,improbable,yes,no,always,yes,yes,yes,sunny,0.34,permitted
MJ MMJ,g IAJ,TSY,BG14,WIAY,improbable,probable,no,no,sometimes,no,no,yes,sunny,0.35,permitted
police,vip,luxe,a2,peak,improbable,improbable,yes,no,always,yes,yes,no,cloudy,0.44,permitted
SU GKB,x MCW,YMJ,CN05,HLDK,improbable,improbable,no,yes,always,yes,yes,yes,windy,0.1,permitted
FW AKD,j QKH,VOG,MV77,DSBD,improbable,improbable,yes,yes,never,yes,no,yes,stormy,0.17,permitted
TO CAL,s VCJ,NQB,PR86,LVJM,probable,probable,no,yes,sometimes,yes,no,yes,sunny,0.63,permitted
partner,blacklisted,normal,a3,off,probable,probable,no,yes,never,no,no,no,stormy,0.33,denied
IS CAM,o ERQ,CFZ,AX61,CHJG,improbable,improbable,no,yes,always,no,no,no,cloudy,0.26,permitted
WP JVQ,l XSF,GNS,ZI92,CLIE,improbable,probable,no,no,always,no,yes,yes,stormy,0.48,permitted
IP HVU,w JOR,NLH,SX23,PZJH,probable,improbable,no,yes,always,no,no,no,windy,0.78,permitted
VB UMM,g ORS,YWJ,TN35,LKMJ,probable,improbable,yes,yes,sometimes,yes,no,no,rainy,0.42,permitted
partner,vip,normal,a3,off,probable,probable,no,yes,sometimes,no,no,no,stormy,0.98,permitted
VJ LQA,x ACI,QIX,CC64,MRLO,probable,probable,no,yes,sometimes,yes,no,no,cloudy,0.41,permitted
NA GSM,s ILA,HGD,MT93,VIIP,improbable,probable,yes,no,sometimes,yes,no,no,rainy,0.17,permitted
IN WZF,i BPX,AQE,LU37,LKNB,probable,improbable,no,no,sometimes,yes,yes,yes,sunny,0.55,permitted
QF FZD,l NTV,ASD,OW32,FYOS,probable,improbable,yes,no,never,yes,no,no,cloudy,0.25,permitted
EL UJP,o TIQ,GAL,HS88,PKQP,improbable,probable,yes,yes,always,no,yes,yes,windy,0.55,permitted
ST CJQ,x LAM,EYW,PY31,LXRJ,improbable,improbable,no,yes,never,no,no,yes,sunny,0.09,permitted
HD ONZ,j TVA,ZJI,SL59,DYDZ,improbable,improbable,yes,no,sometimes,yes,yes,yes,stormy,0.83,permitted
BS UEB,v OWU,RVC,UJ48,FCHK,probable,improbable,yes,no,always,no,yes,yes,sunny,0.75,denied
caraccess,blacklisted,normal,a1,off,probable,probable,no,yes,always,no,yes,no,stormy,0.87,denied
GM XHU,i ZVY,LQE,CT73,OAQB,probable,probable,no,no,sometimes,yes,yes,no,rainy,0.79,permitted
PV LKS,a GPM,PUC,MJ17,PBFL,improbable,probable,yes,yes,sometimes,no,yes,yes,sunny,0.16,permitted
RU AMZ,e QZW,SBP,JB33,CQEY,probable,improbable,yes,no,sometimes,yes,yes,yes,rainy,0.81,denied
NM CHJ,r VNK,YJL,EP39,KXAU,improbable,probable,yes,yes,never,yes,no,yes,windy,0.95,permitted
WB LTC,v DFV,OYA,IB45,DGSC,probable,probable,yes,no,sometimes,yes,no,no,stormy,0.46,permitted
DF QLJ,z SCF,ITP,OD72,CBOU,improbable,improbable,no,yes,sometimes,no,yes,yes,sunny,0.27,permitted
BX IWG,h EJK,RDX,RG92,CEDI,probable,improbable,no,yes,always,no,yes,no,sunny,0.28,permitted
NV MXU,e LFA,NHB,WS92,UOER,probable,probable,no,yes,sometimes,no,yes,no,cloudy,0.09,permitted
NR LQP,r IPG,MVM,SX27,ZKIY,probable,improbable,no,no,never,no,yes,no,cloudy,0.3,permitted
BN ULO,e WTQ,LWG,WJ36,BJQM,improbable,improbable,no,no,never,no,yes,no,cloudy,0.7,permitted
police,vip,luxe,a1,off,improbable,improbable,yes,no,always,no,no,yes,sunny,0.75,permitted
AR ROR,i YFS,ZEH,OU46,BTYA,probable,improbable,no,no,always,yes,yes,yes,cloudy,0.68,permitted
police,blacklisted,normal,a1,off,probable,probable,no,yes,sometimes,no,no,no,cloudy,0.73,denied
NR LSN,h SON,WWS,RP85,YERR,probable,probable,no,yes,sometimes,yes,yes,no,stormy,0.65,permitted
IQ VHO,p MCR,LQC,MF61,UIQN,improbable,improbable,no,yes,sometimes,yes,no,yes,windy,0.16,permitted
MQ NAA,r VPT,EHX,SU84,BCFB,probable,improbable,no,yes,sometimes,yes,yes,yes,rainy,0.15,permitted
AE HCN,e LQQ,VCT,KW30,VPMK,improbable,probable,yes,no,always,no,no,yes,cloudy,0.73,permitted
TP WGJ,r UDH,NNV,VT01,SVUN,probable,probable,no,no,sometimes,no,yes,no,cloudy,0.43,permitted
AV AYR,p XYO,QXX,MS25,FNYR,improbable,probable,yes,no,sometimes,yes,no,yes,rainy,0.53,permitted
FK EOX,q MYW,JWY,QS65,EPRF,probable,probable,yes,yes,sometimes,no,yes,no,stormy,0.49,denied
JW LWR,v YGA,JYC,FN37,TMMG,probable,improbable,no,yes,never,no,yes,no,rainy,0.74,denied
CY IIV,y IZS,KBM,WA27,VQEV,probable,improbable,no,yes,never,no,yes,no,cloudy,0.42,permitted
LT EOL,c CLE,SHE,PN81,EZWU,improbable,improbable,no,yes,sometimes,no,no,no,rainy,0.74,permitted
police,blacklisted,normal,a2,peak,probable,improbable,yes,yes,never,yes,no,no,cloudy,0.58,denied
CZ QFY,s OXE,ABP,RQ68,MVAZ,improbable,probable,yes,no,always,no,no,no,rainy,0.38,permitted
SI NLS,s RTI,NQY,RP81,PZGQ,probable,probable,no,no,sometimes,yes,no,no,sunny,0.35,permitted
DE EYF,t RLS,QRS,SW20,TYRH,probable,probable,no,yes,sometimes,yes,no,yes,stormy,0.3,denied
JS YUW,s SOA,MEA,YI29,LNLF,improbable,improbable,no,yes,always,yes,no,yes,cloudy,0.88,permitted
caraccess,blacklisted,luxe,a1,off,improbable,improbable,yes,yes,always,yes,no,yes,sunny,0.21,denied
SV RHR,p YOZ,AII,JN44,NKOV,improbable,probable,yes,no,never,no,no,no,stormy,0.07,permitted
MP QJQ,z QGM,UCQ,SJ34,TUGZ,probable,probable,no,no,sometimes,no,no,no,sunny,0.83,denied
others,vip,luxe,a1,peak,improbable,improbable,yes,no,always,yes,no,yes,rainy,0.9,permitted
TH EIE,q CAA,ECJ,VR12,QTOJ,improbable,probable,no,no,always,no,yes,no,stormy,0.82,permitted
RK VAL,p FFD,NVM,PU60,XXUU,improbable,probable,yes,yes,always,yes,no,no,rainy,0.67,permitted
OR HVT,s BKF,BZU,CU21,LKGT,probable,probable,no,yes,always,yes,yes,no,stormy,0.33,denied
LO BFM,g IEW,CUX,YZ16,FYNA,improbable,probable,yes,yes,sometimes,yes,yes,yes,windy,0.66,denied
RK GHC,n PWB,FPB,AC59,WXEJ,probable,improbable,no,yes,never,yes,yes,no,windy,0.74,denied
CK QXO,r XMX,CWT,XD22,DMPO,improbable,probable,no,no,always,no,yes,yes,rainy,0.64,permitted
RD NQO,d ASV,BAO,WC07,NEVD,improbable,improbable,yes,yes,always,no,yes,yes,windy,0.34,permitted
TZ DHM,g VZH,XOE,LE10,OISU,probable,probable,no,yes,sometimes,yes,yes,no,rainy,0.22,permitted
WJ ROM,r HKQ,RBU,HY33,CMFB,improbable,probable,no,no,sometimes,yes,no,no,cloudy,0.65,permitted
UB RVM,a HVH,EOQ,NM34,OWNK,improbable,improbable,no,no,sometimes,no,yes,no,sunny,0.41,permitted
CM DRE,t WHI,FSI,ZZ33,PIEI,probable,improbable,no,yes,sometimes,yes,no,no,rainy,0.02,permitted
OT GUF,b ZCR,UUT,NX66,UCUA,probable,improbable,no,yes,sometimes,yes,no,yes,windy,0.49,permitted
BA HRE,n GIZ,JOG,DW96,PCKT,probable,probable,yes,no,always,no,yes,yes,rainy,0.0,permitted
JW QWS,e NTF,PUG,ZO22,HFYA,probable,improbable,yes,yes,always,yes,no,no,stormy,0.98,permitted
partner,normal,luxe,a1,off,improbable,improbable,yes,no,always,yes,yes,no,rainy,0.1,permitted
SR DQC,b HTS,PEQ,JL76,TFNO,improbable,probable,no,no,sometimes,no,no,yes,sunny,0.17,permitted
CV XEP,m XVY,ABW,BU42,OYEP,improbable,improbable,no,no,always,no,no,yes,sunny,0.11,permitted
police,vip,luxe,a2,off,improbable,improbable,yes,no,sometimes,yes,no,yes,stormy,0.95,permitted
HU GEU,z USV,FBH,YU64,JPJV,improbable,probable,no,yes,never,yes,no,yes,windy,0.13,permitted
SU JPY,s KTZ,RFY,DT93,FTAI,probable,improbable,no,yes,always,no,no,yes,windy,0.53,permitted
HT HDS,e MHE,SRQ,WI35,NFFG,probable,improbable,no,yes,always,no,yes,yes,sunny,0.51,permitted
SV UDI,c FIY,EHQ,CE19,KSQT,improbable,improbable,no,no,sometimes,no,no,no,stormy,0.85,permitted
QK BJP,o UHO,AHB,ES93,KGFV,probable,probable,yes,yes,never,no,yes,no,sunny,0.05,permitted
partner,blacklisted,normal,a2,off,probable,probable,no,yes,sometimes,no,yes,yes,cloudy,0.23,denied
partner,vip,luxe,a2,off,improbable,improbable,yes,no,always,yes,yes,no,sunny,0.16,permitted
caraccess,normal,luxe,a1,off,improbable,improbable,yes,no,always,yes,no,no,rainy,0.82,permitted
GJ BTS,v DBM,ZVY,OG12,VXXJ,improbable,probable,no,yes,never,yes,no,no,cloudy,0.36,permitted
ZD ZHO,h HDO,XJA,BZ25,FYLZ,probable,improbable,yes,yes,sometimes,yes,yes,yes,cloudy,0.04,permitted
TV GXH,v FSH,IIU,LF68,JDJB,improbable,probable,yes,yes,always,no,yes,yes,stormy,0.99,permitted
RD QEX,i HZP,VXJ,RY27,EWMZ,probable,probable,no,no,always,yes,no,no,cloudy,0.67,permitted
police,normal,normal,a2,off,probable,probable,no,yes,never,yes,no,no,rainy,0.44,permitted
TK MEF,e RKN,GVA,AV19,LTYL,improbable,improbable,no,no,never,yes,yes,no,cloudy,0.65,permitted
MF ZKO,p EOO,AEQ,CD24,XIXY,probable,probable,yes,yes,always,yes,yes,yes,stormy,0.67,permitted
police,normal,luxe,a3,peak,improbable,probable,yes,no,always,no,yes,no,windy,0.4,permitted
VP TCF,f CDP,MVF,TZ01,BWPP,probable,improbable,yes,no,sometimes,yes,no,yes,rainy,0.05,permitted
DX QLD,y WWR,HVP,NE59,MURH,probable,improbable,no,no,always,no,no,yes,stormy,0.16,permitted
JB ILO,l TAH,ZAI,AS80,DHVX,improbable,improbable,no,yes,always,yes,yes,yes,windy,0.42,permitted
HP GIK,y BMQ,YKQ,RD03,CTTY,probable,improbable,yes,no,sometimes,yes,no,yes,cloudy,0.83,denied
PN INR,t HTM,WRN,WU60,ICJX,probable,probable,no,yes,always,no,no,yes,cloudy,0.18,permitted
LC MBL,q HWM,DAG,BM70,HGDN,improbable,probable,no,yes,never,yes,no,yes,rainy,0.1,permitted
VY WQN,i QLS,OPX,RG13,SMIF,improbable,improbable,yes,no,always,no,yes,yes,cloudy,0.24,denied
others,normal,luxe,a3,off,improbable,improbable,yes,no,always,no,yes,yes,stormy,0.78,permitted
TN WEG,s EFF,OMJ,YA75,CFRZ,improbable,probable,no,yes,never,yes,yes,yes,cloudy,0.81,permitted
AV WIF,c KVO,CGE,QS95,WKZB,probable,improbable,yes,yes,always,no,no,yes,sunny,0.14,permitted
EN LVH,e DEM,VZF,UJ02,VZYY,probable,probable,no,yes,sometimes,no,yes,no,rainy,0.31,permitted
DD KUH,b OND,ZJL,TN42,SQRT,improbable,probable,yes,no,never,yes,no,no,windy,0.07,permitted
MR UMP,a ZTN,NPP,UY42,OULK,probable,probable,no,no,always,yes,yes,yes,rainy,0.73,permitted
YH UKD,r JMR,BCE,QV15,PBVS,probable,probable,yes,yes,always,no,no,yes,sunny,0.66,permitted
police,blacklisted,luxe,a1,off,improbable,probable,yes,no,sometimes,yes,yes,yes,windy,0.82,denied
YH QCR,j DTZ,OSZ,FW49,SCSE,probable,probable,no,yes,sometimes,yes,no,yes,rainy,0.29,permitted
WM SZA,j KKB,QTW,ZH44,MJMW,improbable,probable,yes,yes,never,no,no,no,stormy,0.76,permitted
OE MWC,n XBB,SVC,OC42,WYIU,probable,probable,no,yes,always,no,no,no,cloudy,0.67,permitted
partner,blacklisted,normal,a2,peak,probable,probable,no,yes,never,no,yes,yes,rainy,0.45,denied
police,vip,normal,a3,peak,probable,probable,no,yes,never,yes,yes,no,stormy,0.64,permitted
PS NBG,o SAF,CUB,CY08,WYID,improbable,probable,yes,no,never,yes,no,yes,rainy,0.27,permitted
WE IMP,i DCD,QPY,DY97,QGAF,improbable,improbable,yes,yes,sometimes,no,yes,yes,windy,0.38,permitted
IP MOP,e CYN,AVK,PH76,FSYL,improbable,improbable,no,yes,never,yes,yes,yes,stormy,0.92,permitted
AD UKG,e HLN,BGZ,HY94,SJWY,improbable,improbable,yes,no,never,no,no,no,cloudy,0.3,denied
PJ YPY,h PSO,BCS,WD78,RZPB,probable,probable,yes,yes,sometimes,yes,no,no,rainy,0.78,permitted
PI RJS,p QGQ,NOL,XO56,ZFZG,probable,probable,no,no,always,yes,no,no,rainy,0.1,permitted
CR NYK,c NSX,HWE,AE52,PHMB,improbable,improbable,no,no,sometimes,yes,yes,no,rainy,0.5,permitted
HT OAH,m UUJ,HVR,MX45,VEDS,probable,improbable,no,no,never,yes,no,no,sunny,0.05,denied
police,blacklisted,luxe,a1,peak,improbable,improbable,yes,no,always,no,no,yes,windy,0.77,denied
QV XHQ,x RRJ,UEV,DM27,FTVC,probable,probable,no,no,sometimes,yes,yes,no,cloudy,0.71,permitted
CA TWA,y FWS,OBG,QF62,FOXM,improbable,improbable,no,yes,never,yes,yes,no,stormy,0.25,permitted
ZS MWK,w RKX,DVA,OX39,TBSP,improbable,improbable,no,no,sometimes,no,no,no,stormy,0.22,permitted
SA WIE,v HZQ,RGZ,VO72,FGWI,improbable,improbable,no,yes,sometimes,no,no,yes,cloudy,0.01,permitted
DD RLT,w OZU,YCY,ZC23,JAOH,probable,improbable,yes,yes,sometimes,no,yes,yes,stormy,0.2,denied
RY PNX,w AHB,LYZ,WA34,QYWA,improbable,improbable,yes,no,never,yes,no,yes,cloudy,0.64,permitted
OP PYM,e SWI,QPP,BC69,JOQN,probable,probable,yes,yes,never,yes,no,yes,rainy,0.44,permitted
caraccess,normal,luxe,a3,off,improbable,improbable,no,no,never,no,yes,no,windy,0.86,permitted
partner,blacklisted,luxe,a2,peak,improbable,probable,yes,no,always,no,no,no,stormy,0.24,denied
OZ YLF,r MLZ,KHM,UO76,JOPC,probable,probable,yes,no,never,no,no,yes,cloudy,0.19,permitted
HU ISU,h WQS,FBX,LQ87,PIFL,probable,probable,no,yes,sometimes,yes,no,no,sunny,0.84,permitted
NS QBX,u SQZ,KJJ,EN34,GDZV,probable,improbable,yes,yes,always,no,no,yes,rainy,0.45,permitted
police,normal,normal,a3,peak,probable,probable,no,yes,never,yes,no,yes,windy,0.47,permitted
TI GJG,r HZA,OAX,DT21,NWCG,probable,probable,yes,yes,never,no,yes,yes,windy,0.96,permitted
LX OME,p YBD,OBT,QW47,INLC,improbable,probable,no,yes,never,no,yes,yes,rainy,0.59,permitted
KM CIT,o YSR,ABU,MD98,DBIW,probable,improbable,no,no,always,yes,no,no,cloudy,0.66,permitted
LY TGZ,e XGC,CBT,RP42,ZBJM,probable,probable,no,no,sometimes,yes,yes,no,stormy,0.28,denied
OQ TLB,o YTM,UCC,SR00,SZNM,probable,improbable,no,no,never,yes,no,yes,stormy,0.18,permitted
RV UWY,a MAR,POD,YA66,ZDDW,probable,improbable,no,no,never,yes,no,yes,windy,0.57,permitted
IV DSN,x GYA,HFQ,OZ96,HFGX,improbable,probable,no,yes,sometimes,no,no,yes,windy,0.33,permitted
II GIS,d VMP,LLZ,YH61,AVSV,probable,probable,no,yes,sometimes,yes,no,no,sunny,0.42,denied
WN UNV,a POO,LSF,VT71,GUUU,improbable,improbable,yes,no,always,yes,yes,yes,cloudy,0.88,permitted
EF RNI,s KTP,VOS,FJ87,BLCV,improbable,probable,no,yes,sometimes,yes,no,no,stormy,0.16,permitted
AP IAI,o YVI,RPT,UI56,EEVI,probable,probable,no,no,always,yes,yes,yes,cloudy,0.18,permitted
XH YWP,e HNM,OSK,ZU33,RFRT,probable,probable,no,yes,sometimes,no,yes,no,windy,0.57,permitted
OZ BTJ,j YHT,DTY,WL22,IMFX,improbable,improbable,yes,yes,sometimes,no,yes,yes,windy,0.62,permitted
CP GYG,w LWS,JFU,VH50,NKOW,probable,probable,yes,no,sometimes,yes,yes,yes,stormy,0.39,permitted
police,vip,normal,a2,off,probable,probable,no,yes,never,yes,no,yes,stormy,0.65,permitted
QJ HSK,d NXP,HZE,TY44,GJUR,probable,probable,no,no,never,yes,no,no,rainy,0.67,permitted
FM MCN,v HSZ,ORT,TI21,ZJWV,improbable,improbable,yes,no,sometimes,no,yes,yes,stormy,0.84,permitted
UJ TPZ,s VNN,ALI,XC17,HMKQ,probable,improbable,no,no,always,no,no,yes,rainy,0.24,permitted
IN MDG,u VJG,JLQ,WZ73,UFMA,probable,improbable,no,no,never,yes,no,no,stormy,0.13,permitted
VF HWZ,r YZJ,SGJ,MW89,HQXN,probable,probable,no,yes,never,yes,yes,yes,sunny,0.36,denied
EB WGA,t TYK,CUN,ME99,VTQQ,improbable,improbable,yes,no,always,yes,yes,no,windy,0.99,permitted
LS UTZ,j TGS,STV,GD97,JCOM,improbable,improbable,yes,no,always,yes,no,no,windy,0.75,permitted
XO YLC,x WXK,RSF,DO14,MFDS,probable,improbable,yes,no,never,yes,yes,yes,windy,0.84,permitted
others,vip,luxe,a1,off,improbable,improbable,no,no,never,yes,no,no,rainy,0.83,permitted
PV CYN,v JXM,CKC,QJ95,SZRR,improbable,probable,yes,yes,sometimes,yes,no,yes,windy,0.84,permitted
QJ OMX,q PQP,OWT,FD52,FSEL,probable,probable,no,no,sometimes,no,no,yes,sunny,0.1,denied
VT JAU,v IKL,LZW,JF56,EYCZ,improbable,probable,no,yes,sometimes,no,yes,yes,sunny,0.89,permitted
DH QQU,u OVV,EWD,ME64,MHRY,improbable,probable,yes,yes,sometimes,no,yes,no,windy,0.93,permitted
HE RIY,h FNV,LMA,RK61,KDVY,improbable,improbable,yes,yes,always,no,no,no,windy,0.95,permitted
caraccess,blacklisted,normal,a2,off,probable,probable,no,yes,never,no,no,no,stormy,0.39,denied
DL YMF,v KMS,TUE,QE37,ZPOW,probable,improbable,no,yes,sometimes,no,yes,no,cloudy,0.74,denied
CU SKW,a UTM,AHF,NE95,WVOD,probable,improbable,yes,no,never,no,yes,yes,sunny,0.93,permitted
partner,vip,luxe,a1,off,improbable,probable,yes,no,always,yes,no,no,sunny,0.81,permitted
ST AKT,p OVT,SJW,UY85,NIKG,probable,improbable,no,yes,sometimes,no,no,no,cloudy,0.73,permitted
ZP RKZ,u BAB,SMR,UN06,WYZD,improbable,probable,no,yes,sometimes,no,no,no,windy,0.06,permitted
YQ INX,q NMN,CFS,EA49,OLPE,probable,improbable,no,no,sometimes,yes,no,yes,sunny,0.59,permitted
YN TPM,k PML,PFL,VY10,ZQTD,probable,probable,yes,no,sometimes,yes,no,yes,cloudy,0.76,permitted
YP UVP,o YSM,YWE,PD67,DNLD,probable,improbable,no,no,sometimes,yes,yes,yes,windy,0.41,permitted
AR TWR,p MXI,MWO,PC09,WFWP,improbable,probable,yes,yes,sometimes,yes,yes,yes,cloudy,0.92,permitted
YF FSI,d XCL,NOK,DN10,MIMW,probable,probable,no,no,never,yes,no,yes,sunny,0.04,permitted
QO NRF,y SPZ,REZ,OC75,USUS,improbable,probable,no,yes,never,no,no,yes,windy,0.45,permitted
police,normal,normal,a2,peak,probable,probable,no,yes,never,yes,yes,yes,rainy,0.05,permitted
XB UYU,e FKV,TDC,TM05,GCHE,improbable,improbable,no,no,always,no,no,no,windy,0.8,permitted
partner,blacklisted,normal,a1,peak,probable,probable,no,yes,never,no,yes,no,windy,0.24,denied
police,normal,normal,a3,off,probable,probable,no,yes,never,no,yes,yes,sunny,0.63,denied
YC YYD,g LJH,ISY,FF78,ZKVQ,probable,improbable,no,no,sometimes,yes,no,no,cloudy,0.96,denied
RQ NSA,f JAV,RPK,SI95,KVOH,improbable,probable,no,yes,never,no,no,no,stormy,0.09,permitted
QJ DOY,m MKI,AFB,RO77,ZFHX,improbable,improbable,yes,yes,sometimes,yes,no,no,rainy,0.74,permitted
WF IWV,l IQF,EVT,JW35,WVRS,probable,improbable,no,yes,never,yes,yes,no,stormy,0.41,permitted
KO BFU,s MJP,DCR,QO35,RUUI,probable,probable,no,no,sometimes,yes,no,yes,rainy,0.8,permitted
OZ JXX,q OGP,KMC,MB17,VHBK,probable,probable,no,no,never,no,yes,no,rainy,0.0,permitted
SF JOY,i PQH,SZD,SE42,AKXG,probable,improbable,no,yes,always,no,yes,yes,windy,0.02,denied
JC ZPG,e NBL,CTR,NJ11,KAED,probable,probable,no,yes,always,yes,no,yes,stormy,0.61,permitted
BE NJE,x YKM,MGE,CZ60,RRGC,probable,probable,yes,no,always,yes,no,no,sunny,0.38,permitted
XN DWH,o OKY,QNH,XI51,QGVX,improbable,probable,no,no,sometimes,yes,yes,no,windy,0.03,permitted
QT PCR,k OIO,HYN,YX20,LFXD,improbable,probable,no,no,sometimes,yes,yes,no,sunny,0.08,permitted
PI OFK,y HSU,LWP,OP25,HBSG,probable,improbable,no,yes,always,yes,yes,no,rainy,0.89,permitted
LN CGA,m DJT,YTO,IS78,KDCP,probable,probable,no,no,never,no,yes,yes,rainy,0.78,permitted
NQ NQX,w HBX,JWI,HL03,IVPR,improbable,improbable,no,yes,always,yes,yes,no,cloudy,0.36,denied
KT HNF,n IUU,JKK,WK58,DLHO,improbable,probable,no,no,sometimes,yes,no,yes,cloudy,0.67,permitted
HF SYK,s UHW,RIH,DR84,QZQI,probable,improbable,yes,yes,sometimes,yes,no,no,cloudy,0.45,permitted
AT BVC,o YJJ,TLR,BQ45,OVTD,probable,probable,no,no,sometimes,yes,yes,no,stormy,0.47,permitted
EC TTS,x XTQ,RCK,PF91,EZGJ,probable,improbable,no,no,never,yes,yes,no,sunny,0.41,permitted
GY IQG,o YIA,WID,QT90,ULBN,probable,probable,yes,no,always,no,no,yes,sunny,0.37,permitted
IO XIS,u NMC,VJV,LC25,SDUK,improbable,improbable,yes,yes,never,yes,yes,no,cloudy,0.29,permitted
others,normal,normal,a2,peak,probable,probable,no,yes,sometimes,yes,yes,no,sunny,0.08,denied
WI NGC,y ULK,QBQ,GB06,XCJF,probable,improbable,no,no,sometimes,yes,no,yes,rainy,0.43,permitted
MQ IUL,g RXC,VFD,FD27,MHDP,improbable,probable,yes,yes,sometimes,yes,yes,yes,cloudy,0.67,permitted
partner,normal,luxe,a2,peak,improbable,improbable,yes,no,always,yes,yes,no,cloudy,0.89,permitted
WC ZEC,q VNY,XIE,CQ91,DXPW,probable,improbable,no,yes,sometimes,no,yes,no,windy,0.53,permitted
DK NKY,k DGE,JWN,NH34,ALIK,improbable,probable,yes,yes,sometimes,yes,yes,yes,windy,0.78,permitted
QG BAD,h WJN,LPT,MX69,QQIF,probable,probable,no,no,never,yes,no,no,stormy,0.62,permitted
others,normal,normal,a3,peak,probable,probable,no,yes,never,yes,no,yes,windy,0.19,permitted
GV UNG,z SCL,PDQ,QR07,OCKH,improbable,improbable,yes,no,sometimes,no,yes,no,windy,0.91,permitted
GK REO,o MHE,QQM,TM21,UBZF,probable,probable,yes,yes,sometimes,no,no,yes,sunny,0.95,permitted
NH JIB,u LSC,QYM,IC35,XREY,improbable,probable,yes,yes,sometimes,yes,no,yes,rainy,0.85,permitted
NL KUC,v BXW,QHT,VD80,ALWW,probable,improbable,no,no,sometimes,no,yes,no,windy,0.13,permitted
SD JFN,x EYU,ERB,BJ50,LYTJ,improbable,improbable,no,yes,always,no,no,no,windy,0.99,permitted
RW HLY,b RGT,PFC,BK44,JJOU,improbable,improbable,no,no,sometimes,yes,yes,yes,windy,0.78,permitted
TK ATZ,k AFU,ZJW,TP96,FOYS,probable,probable,no,no,sometimes,yes,yes,yes,cloudy,0.21,permitted
RR NDE,h NDE,SKM,BQ52,WIWT,improbable,improbable,yes,no,sometimes,yes,yes,no,sunny,0.8,permitted
JC KPL,d BTQ,OSZ,HP05,CPZZ,improbable,improbable,no,yes,always,yes,yes,no,cloudy,0.15,permitted
PA HGV,g ECM,SRJ,GA00,LNIN,probable,improbable,yes,no,sometimes,no,yes,yes,sunny,0.37,permitted
QO MTE,v GBR,NYL,IL33,GNIV,probable,improbable,no,no,sometimes,yes,no,no,sunny,0.83,permitted
XU GUN,x GOH,UON,KJ02,ZGQS,probable,probable,yes,no,sometimes,yes,no,yes,rainy,0.53,denied
WB ZEC,p ODX,QAQ,DQ10,SVRH,probable,probable,no,no,always,yes,no,no,cloudy,0.32,denied
AK LHC,o MBF,KNZ,ZX21,TCZS,improbable,improbable,yes,no,sometimes,no,no,yes,rainy,0.53,permitted
AC QIW,o UYX,PMT,VG54,GDBA,improbable,probable,no,no,sometimes,no,yes,yes,windy,0.18,permitted
ID BSY,n VGG,GJH,ZH31,DRTM,improbable,probable,yes,no,sometimes,yes,yes,no,windy,0.76,permitted
OU HIT,h RFI,AER,LI46,CHPN,improbable,improbable,no,no,sometimes,no,yes,yes,windy,0.98,denied
SM EUR,c BZK,GPE,CS84,CKIQ,probable,improbable,yes,no,sometimes,no,no,no,cloudy,0.13,permitted
others,blacklisted,luxe,a1,off,improbable,improbable,yes,no,always,yes,yes,no,windy,0.59,denied
WU CYJ,j MJH,JZN,QZ96,GQUP,probable,improbable,yes,no,never,no,no,yes,windy,0.34,permitted
QN GEY,j QFV,PUG,XD64,CZRB,probable,improbable,no,no,never,no,no,yes,cloudy,0.28,permitted
RO RLO,j FZW,KVJ,IV95,IFVL,probable,improbable,yes,no,always,yes,no,yes,stormy,0.54,permitted
PZ WIG,n NLT,DHT,ID43,OQEW,improbable,probable,no,yes,sometimes,no,no,no,stormy,0.41,permitted
caraccess,blacklisted,luxe,a1,peak,improbable,probable,yes,yes,always,yes,yes,yes,cloudy,0.8,denied
IO ROS,u UWK,MZR,BA75,BSGA,probable,probable,no,no,never,no,yes,yes,rainy,0.29,permitted
HT HMS,y TCN,SNF,NY38,MEDB,probable,probable,no,yes,sometimes,no,no,no,windy,0.07,permitted
OT KAQ,b FWD,DMS,LL39,YXKY,probable,improbable,yes,yes,never,no,no,no,sunny,0.45,permitted
DF HVN,k JAI,LKX,CC51,XVZI,probable,improbable,no,no,always,no,no,yes,sunny,0.0,permitted
QK KXE,g MTN,XUW,XM71,PUNH,probable,improbable,yes,no,always,no,yes,no,stormy,0.98,permitted
IF CTP,y AEZ,SHT,MF15,MEME,improbable,probable,yes,yes,always,yes,yes,no,rainy,0.56,permitted
XS BVB,d URI,ATH,MK87,TVXS,probable,improbable,yes,no,sometimes,yes,no,no,windy,0.67,permitted
BL UKG,o MMB,WBE,SJ66,GVGU,improbable,probable,yes,no,always,no,no,no,cloudy,0.28,permitted
RY VHK,k JZP,BHG,DN53,XKKY,probable,probable,yes,yes,never,yes,no,yes,stormy,0.09,denied
RA YZH,c JKM,AJN,CF67,QTKF,probable,improbable,yes,no,never,yes,yes,yes,cloudy,0.55,permitted
PE POY,z BWH,YBL,EW07,VWFW,improbable,improbable,yes,no,always,yes,no,yes,rainy,0.99,permitted
BG RBS,l EXG,PXV,UM85,QCNP,probable,probable,no,no,sometimes,no,no,yes,sunny,0.64,permitted
KC HYE,s CJE,QRK,TJ26,SEBT,probable,improbable,no,yes,sometimes,no,no,no,windy,0.75,permitted
police,vip,normal,a1,peak,probable,probable,yes,yes,always,yes,yes,yes,rainy,0.26,permitted
SA VTB,q XWC,EUX,DK84,CXRC,probable,improbable,no,no,never,yes,no,yes,sunny,0.2,permitted
OB JNW,z VJV,JDW,BL48,WITJ,improbable,improbable,yes,no,sometimes,no,no,no,stormy,0.01,permitted
LI NWU,q KNF,AHN,PQ04,JXMC,improbable,probable,no,yes,sometimes,no,yes,no,rainy,0.07,denied
CR NZQ,x JCG,EEE,DQ91,ORDT,improbable,probable,yes,yes,sometimes,yes,yes,no,stormy,0.41,denied
EP KKQ,g QGL,JCN,YP99,WPPS,improbable,improbable,yes,yes,sometimes,no,no,yes,sunny,0.64,permitted
EW PSN,y ZSL,ZGQ,OM81,SIKE,probable,probable,no,no,never,no,yes,yes,rainy,0.78,permitted
IZ TFO,o VKJ,MIQ,HP03,DNXT,improbable,improbable,yes,yes,never,no,yes,no,sunny,0.53,permitted
UZ HLA,l AGJ,ULW,LV17,WHIS,improbable,improbable,yes,yes,sometimes,yes,yes,no,stormy,0.68,permitted
WT PVV,c BLI,BVK,SE17,IZWW,improbable,improbable,yes,yes,sometimes,no,no,no,stormy,0.17,permitted
BU TST,r MZC,PVQ,QB81,RCSF,improbable,improbable,no,yes,never,yes,yes,yes,rainy,0.02,permitted
RT DOY,o WJK,URS,YF78,CAJK,improbable,probable,yes,yes,always,no,yes,no,stormy,0.84,permitted
TU WVD,p EZG,MGQ,ZN76,FOPR,probable,probable,no,yes,sometimes,no,yes,no,cloudy,0.88,permitted
UU PND,d YHP,XEU,QF74,SOBY,improbable,improbable,no,yes,never,yes,yes,no,stormy,0.8,permitted
VT YGC,y XEQ,IDP,TW73,SHXB,improbable,improbable,yes,no,always,no,yes,no,cloudy,0.32,permitted
police,vip,normal,a2,peak,probable,probable,no,no,never,yes,no,no,rainy,0.02,permitted
JT BIL,p IBD,VYH,AZ12,CYNR,probable,improbable,no,yes,never,no,no,yes,stormy,0.78,permitted
NK FMY,r YOO,XND,LC11,MWOJ,improbable,probable,no,no,sometimes,no,no,no,stormy,0.05,permitted
WR OBR,y ENE,PGE,KO50,JODE,improbable,improbable,yes,yes,sometimes,yes,no,no,sunny,0.49,permitted
AU QTJ,f UNJ,VAY,GE94,ABWI,improbable,improbable,yes,yes,never,yes,no,no,cloudy,0.41,permitted
JY QTB,l UHM,FWC,BR44,WOOK,improbable,probable,no,no,sometimes,no,no,no,sunny,0.52,permitted
RO MSI,r GGZ,RXL,RR60,QXVP,probable,improbable,no,yes,always,no,no,yes,rainy,0.7,denied
FK YQJ,y HDH,NPI,FA53,KINI,probable,improbable,yes,yes,sometimes,no,yes,no,windy,0.71,permitted
VA SVN,w PGW,QII,VR01,HZGB,improbable,probable,no,no,never,no,yes,yes,cloudy,0.2,permitted
EO FHA,b ANT,TUW,IL20,FMXA,probable,probable,yes,no,always,yes,yes,yes,rainy,0.78,denied
others,normal,normal,a2,off,probable,probable,no,yes,sometimes,yes,no,yes,stormy,0.57,permitted
police,normal,normal,a1,peak,probable,improbable,no,yes,sometimes,no,yes,no,sunny,0.17,permitted
LE QWZ,a NIC,WDH,ZD07,RETY,probable,probable,yes,yes,always,no,yes,yes,stormy,0.06,permitted
BP KVJ,c MSU,OLR,OP45,NEWM,improbable,improbable,yes,yes,sometimes,yes,no,no,stormy,0.62,denied
others,normal,luxe,a1,peak,improbable,improbable,yes,no,always,no,no,no,windy,0.42,denied
HU NDW,q KPP,UON,BD41,BGDE,probable,improbable,no,no,never,yes,yes,no,sunny,0.77,permitted
IX PKJ,h AWW,CHI,BZ14,EYYZ,improbable,improbable,yes,no,sometimes,no,yes,no,cloudy,0.86,permitted
caraccess,normal,luxe,a1,peak,improbable,improbable,yes,no,always,no,yes,no,stormy,0.22,permitted
KY VGH,x PJV,XYH,YR88,DGPN,probable,improbable,no,no,always,no,no,no,windy,0.9,permitted
AG KCJ,g MKO,FMX,MC37,CXSV,improbable,probable,no,no,always,no,no,yes,cloudy,0.87,permitted
UM MDP,z CVH,RSJ,IW01,IYEF,improbable,improbable,no,yes,never,no,yes,no,sunny,0.98,permitted
UC NOR,l IRX,VAU,AA57,BIQP,improbable,probable,yes,yes,sometimes,yes,yes,no,windy,0.16,permitted
IO HQA,i XET,CWG,BJ33,SXSV,probable,improbable,no,no,always,yes,no,yes,rainy,0.2,denied
CA CGH,h WZD,AUL,IV03,BJLO,improbable,probable,yes,no,sometimes,yes,no,no,sunny,0.36,permitted
YM QAU,r ZFO,VQL,JH60,BOLN,probable,improbable,no,no,always,yes,yes,no,stormy,0.01,permitted
others,blacklisted,luxe,a2,peak,improbable,improbable,yes,no,always,yes,no,no,windy,0.06,denied
LI FSF,m MSN,CNS,MD69,GUKG,improbable,probable,no,no,always,yes,no,yes,cloudy,0.33,permitted
partner,normal,normal,a3,off,probable,probable,no,yes,never,yes,yes,no,windy,0.21,denied
DU INW,s NQK,SPR,FZ48,OQJI,probable,improbable,no,yes,sometimes,no,no,yes,windy,0.03,permitted
YS KLF,t SBU,JPB,LL85,ENNW,improbable,improbable,yes,yes,never,no,no,yes,windy,0.75,denied
caraccess,blacklisted,normal,a3,off,probable,probable,no,no,always,no,yes,no,stormy,0.87,denied
GK EZF,q YLK,TYI,UF69,EJPZ,probable,improbable,no,yes,never,no,no,no,windy,0.06,permitted
FW SXS,h FAA,TRP,UH34,UNUM,probable,improbable,no,yes,sometimes,no,no,yes,cloudy,0.1,permitted
caraccess,vip,luxe,a2,peak,improbable,improbable,yes,no,always,yes,no,yes,windy,0.6,denied
BA BQS,e ZVY,DMM,PN38,INHD,improbable,improbable,no,no,always,no,yes,no,cloudy,0.82,permitted
CI IWV,m OBX,UHA,ZH77,EKYE,improbable,probable,no,yes,always,yes,yes,yes,stormy,0.38,permitted
SH IXL,u MWR,QRF,XP19,BFYM,probable,improbable,yes,no,never,yes,yes,no,cloudy,0.46,permitted
YB HTG,a MJI,GUS,TE13,BLFZ,probable,improbable,yes,yes,never,no,no,no,windy,0.19,permitted
GG ITC,v QOG,YJE,MB46,DAML,improbable,improbable,no,no,never,yes,no,yes,stormy,0.47,permitted
EH KOW,s AXN,DZC,EB88,GWUD,probable,improbable,no,yes,never,no,yes,no,stormy,0.62,permitted
police,blacklisted,normal,a2,off,probable,probable,yes,yes,sometimes,no,no,no,cloudy,0.17,denied
HS WYN,v AGA,SKL,HT16,DJZO,probable,probable,yes,no,always,no,no,yes,sunny,0.35,permitted
QB HTU,k UFZ,EJY,HS83,MSWT,probable,improbable,no,no,sometimes,yes,yes,yes,sunny,0.56,permitted
VJ ZEJ,z MUG,PXO,KW79,QWKE,improbable,improbable,yes,no,sometimes,no,yes,yes,sunny,0.13,permitted
ZR YRF,x OKM,KKI,PQ82,LQYO,improbable,improbable,yes,yes,always,no,no,no,stormy,0.42,permitted
JZ ZRI,e AVT,MAA,UY99,LWWO,improbable,improbable,no,yes,sometimes,yes,no,no,cloudy,0.44,permitted
HZ WAE,h QAP,YOV,AM15,JYXI,improbable,improbable,no,no,never,no,yes,yes,windy,0.45,permitted
QS LVR,s DTO,JJX,XP08,PHTS,improbable,probable,yes,yes,never,yes,yes,yes,sunny,0.75,permitted
IR LTS,l UQS,HPZ,OM20,IVQG,probable,probable,yes,yes,never,yes,no,no,cloudy,0.95,permitted
police,normal,normal,a1,off,probable,probable,no,yes,never,no,yes,yes,sunny,0.94,permitted
QW THZ,z GAK,ACE,DM06,LPGT,probable,probable,yes,no,always,no,no,yes,stormy,0.76,permitted
BA MTA,o OBB,OFE,YO25,MQLT,probable,improbable,no,yes,always,no,no,no,rainy,0.22,permitted
YZ GXJ,z SCK,VRD,TN62,ZRAB,probable,probable,no,yes,always,no,yes,no,cloudy,0.34,permitted
BV MJX,k SLW,FRZ,FW89,EKUC,probable,improbable,yes,yes,sometimes,yes,no,yes,cloudy,0.4,permitted
EF FYF,j NIG,WWE,WJ77,AJKP,probable,probable,no,yes,sometimes,yes,no,yes,cloudy,0.97,permitted
RT QHP,m MWQ,ZAW,OU20,WGGB,probable,probable,yes,no,sometimes,yes,no,yes,sunny,0.62,permitted
caraccess,blacklisted,normal,a2,peak,improbable,probable,no,yes,never,no,yes,no,rainy,0.23,denied
BJ ERO,k AYC,VKM,MG18,HWKJ,probable,improbable,yes,yes,sometimes,yes,yes,no,cloudy,0.95,permitted
EW ZOT,q RQG,PNZ,HU27,IRJH,improbable,improbable,no,yes,always,yes,no,yes,stormy,0.62,permitted
police,normal,luxe,a1,off,improbable,probable,yes,no,sometimes,no,yes,no,cloudy,0.3,permitted
QO SLY,m VTZ,ZMQ,GC22,PLLW,probable,improbable,no,yes,never,yes,yes,no,windy,0.97,permitted
ZL WDN,f PDB,SCT,ZF51,YZCH,improbable,probable,no,yes,sometimes,no,yes,yes,stormy,0.94,permitted
SK XRZ,j KCN,NEU,UV81,YBFB,probable,probable,no,yes,never,no,no,no,windy,0.9,permitted
WP ULS,a UGU,DSP,TA22,XYZX,improbable,improbable,yes,yes,sometimes,no,no,no,windy,0.2,permitted
partner,normal,normal,a2,peak,probable,probable,no,yes,never,no,yes,yes,sunny,0.94,permitted
NB AYE,d CDJ,SEA,NC06,ZCOF,improbable,improbable,no,no,always,no,no,yes,windy,0.97,permitted
FO VXQ,d WZS,RSU,AC88,XRAV,improbable,probable,yes,yes,always,no,yes,no,cloudy,0.76,permitted
IH OGK,p ZZA,EFJ,DM16,FLNB,probable,probable,yes,yes,never,yes,yes,no,stormy,0.51,permitted
PZ VUE,a HPF,ZBL,LR10,IEZZ,improbable,improbable,no,yes,always,yes,no,yes,rainy,0.4,permitted
partner,normal,normal,a3,peak,probable,probable,no,yes,sometimes,no,yes,no,rainy,0.93,permitted
TZ NXF,g RVG,QEH,DA13,SDVK,improbable,probable,no,no,sometimes,yes,no,yes,windy,0.59,permitted
BV BXZ,m QIX,XYC,TF48,JYQF,probable,improbable,no,no,sometimes,no,yes,no,rainy,0.11,permitted
