org,plate,company,model,view
caraccess,AF 1420,lamborghini,Huracán Evo,luxe
caraccess,AS 9684,ferrari,488 Pista Spider,luxe
caraccess,OQ 0674,renault,Megane Sedan,normal
caraccess,LW 5234,porsche,718 Cayman GT4,luxe
caraccess,CW 7546,tesla,model 3,normal
caraccess,GG 2837,hyundai,Accent,normal
caraccess,UV 7109,renault,Megane Sedan,normal
caraccess,UB 9904,lamborghini,Aventador S,luxe
caraccess,TE 5838,tesla,model 3,normal
caraccess,OJ 0939,lamborghini,Huracán Evo,luxe
caraccess,QP 7077,mercedes,Mercedes-Maybach,luxe
caraccess,LB 6480,mercedes,GLA SUV,normal
caraccess,BF 8464,audi,Q3,normal
caraccess,VW 3338,lamborghini,Aventador S,luxe
caraccess,SC 9696,tesla,model 3,normal
caraccess,RU 4076,audi,Q3,normal
caraccess,XS 4207,mercedes,Mercedes-Maybach,luxe
caraccess,VO 4417,hyundai,Accent,normal
caraccess,NA 7528,audi,SQ8,luxe
caraccess,IH 9184,hyundai,Accent,normal
caraccess,MZ 4733,porsche,911 Turbo S Cabriolet,luxe
caraccess,TQ 6484,ferrari,F8 Tributo,luxe
caraccess,EG 5029,audi,SQ8,luxe
caraccess,HF 8435,porsche,911 Turbo S Cabriolet,luxe
caraccess,CD 9296,ferrari,F8 Tributo,luxe
caraccess,CA 2674,audi,Q3,normal
caraccess,FE 5892,ferrari,F8 Tributo,luxe
caraccess,ZI 9608,hyundai,Accent,normal
caraccess,NG 2297,audi,Q3,normal
caraccess,DZ 2742,lamborghini,Huracán Evo,luxe
caraccess,TT 9644,ferrari,488 Pista Spider,luxe
caraccess,JM 3559,ferrari,488 Pista Spider,luxe
caraccess,KO 6083,lamborghini,Huracán Evo,luxe
caraccess,RW 3688,lamborghini,Huracán Evo,luxe
caraccess,PU 4803,hyundai,Tucson,normal
caraccess,KN 7512,ferrari,F8 Tributo,luxe
caraccess,FX 1236,audi,Q3,normal
caraccess,BV 1491,lamborghini,Aventador S,luxe
caraccess,SD 7173,mercedes,GLA SUV,normal
caraccess,VN 0088,tesla,Roadster,luxe
caraccess,DJ 3186,ferrari,488 Pista Spider,luxe
caraccess,PW 8680,ferrari,488 Pista Spider,luxe
caraccess,JF 8904,tesla,model 3,normal
caraccess,FF 0763,ferrari,488 Pista Spider,luxe
caraccess,PZ 8911,ferrari,488 Pista Spider,luxe
caraccess,MV 4600,tesla,model 3,normal
caraccess,HD 1079,lamborghini,Aventador S,luxe
caraccess,XY 0791,tesla,Roadster,luxe
caraccess,LI 9712,tesla,Roadster,luxe
caraccess,DH 4836,hyundai,Tucson,normal
caraccess,GP 0095,hyundai,Accent,normal
caraccess,HV 9478,renault,Megane Sedan,normal
caraccess,JI 5280,audi,Q3,normal
caraccess,XU 3129,tesla,model 3,normal
caraccess,RP 7184,mercedes,GLA SUV,normal
caraccess,LS 2223,renault,Megane Sedan,normal
caraccess,PI 6170,audi,SQ8,luxe
caraccess,FR 9613,tesla,model 3,normal
caraccess,PP 6339,mercedes,GLA SUV,normal
caraccess,MO 1569,porsche,911 Turbo S Cabriolet,luxe
caraccess,EQ 3702,mercedes,Mercedes-Maybach,luxe
caraccess,KJ 9869,mercedes,Mercedes-Maybach,luxe
caraccess,TU 5528,audi,SQ8,luxe
caraccess,KI 9609,renault,Fluence SEDANS,normal
caraccess,DT 0125,hyundai,Accent,normal
caraccess,LK 5751,ferrari,F8 Tributo,luxe
caraccess,QC 8933,lamborghini,Huracán Evo,luxe
caraccess,HR 3507,audi,Q3,normal
caraccess,TK 5283,renault,Fluence SEDANS,normal
caraccess,BG 7810,renault,Megane Sedan,normal
caraccess,QS 8456,hyundai,Accent,normal
caraccess,SI 8804,tesla,model 3,normal
caraccess,NB 9429,ferrari,488 Pista Spider,luxe
caraccess,RW 7911,porsche,718 Cayman GT4,luxe
caraccess,CP 8974,mercedes,GLA SUV,normal
caraccess,QK 0141,mercedes,GLA SUV,normal
caraccess,BA 6574,renault,Fluence SEDANS,normal
caraccess,EU 7907,mercedes,GLA SUV,normal
caraccess,KZ 1491,hyundai,Accent,normal
caraccess,QH 1944,renault,Fluence SEDANS,normal
caraccess,TA 8647,porsche,911 Turbo S Cabriolet,luxe
caraccess,JX 5773,audi,Q3,normal
caraccess,RB 2883,mercedes,Mercedes-Maybach,luxe
caraccess,DR 6429,hyundai,Accent,normal
caraccess,BD 1089,hyundai,Accent,normal
caraccess,QU 7318,renault,Fluence SEDANS,normal
caraccess,YG 9796,tesla,model 3,normal
caraccess,GS 7602,ferrari,488 Pista Spider,luxe
caraccess,ZH 7619,hyundai,Accent,normal
caraccess,AF 6019,ferrari,488 Pista Spider,luxe
caraccess,DI 2110,audi,Q3,normal
caraccess,LH 6905,lamborghini,Aventador S,luxe
caraccess,TH 8855,hyundai,Tucson,normal
caraccess,MQ 3828,mercedes,GLA SUV,normal
caraccess,GV 0202,ferrari,488 Pista Spider,luxe
caraccess,MU 2179,porsche,718 Cayman GT4,luxe
caraccess,LN 4892,mercedes,GLA SUV,normal
caraccess,CW 6088,tesla,model 3,normal
caraccess,JE 5298,porsche,718 Cayman GT4,luxe
caraccess,PH 3837,hyundai,Accent,normal
